,CODIGO_CAMPUS,CODIGO_IES,NOME_IES,SIGLA_IES,UF_IES,NOME_CAMPUS,UF_CAMPUS,MUNICIPIO_CAMPUS,CODIGO_CURSO,NOME_CURSO,GRAU,TURNO,TIPO_MOD_CONCORRENCIA
0,209,594,CENTRO FEDERAL DE EDUCAÃÃO TECNOLÃGICA DE MINAS GERAIS,CEFET/MG,MG,Unidade Belo Horizonte - Campus II,MG,Belo Horizonte,14597,ENGENHARIA MECÃNICA,Bacharelado,Integral,L
1,210,594,CENTRO FEDERAL DE EDUCAÃÃO TECNOLÃGICA DE MINAS GERAIS,CEFET/MG,MG,Unidade Leopoldina,MG,Leopoldina,85274,ENGENHARIA DE CONTROLE E AUTOMAÃÃO,Bacharelado,Integral,A
2,220,588,UNIVERSIDADE TECNOLÃGICA FEDERAL DO PARANÃ,UTFPR,PR,CÃMPUS CORNÃLIO PROCÃPIO,PR,CornÃ©lio ProcÃ³pio,101951,ENGENHARIA ELÃTRICA,Bacharelado,Integral,A
3,290,107,UNIVERSIDADE FEDERAL DE SÃO JOÃO DEL REI,UFSJ,MG,Campus Dom Bosco - CDB,MG,SÃ£o JoÃ£o del Rei,1399737,BIOTECNOLOGIA,Bacharelado,Integral,L
4,291,107,UNIVERSIDADE FEDERAL DE SÃO JOÃO DEL REI,UFSJ,MG,Campus Santo AntÃ´nio,MG,SÃ£o JoÃ£o del Rei,4192,ENGENHARIA ELÃTRICA,Bacharelado,Integral,A
5,301,688,UNIVERSIDADE ESTADUAL DO SUDOESTE DA BAHIA,UESB,BA,Campus de JequiÃ©,BA,JequiÃ©,19040,PEDAGOGIA,Licenciatura,Noturno,V
6,304,688,UNIVERSIDADE ESTADUAL DO SUDOESTE DA BAHIA,UESB,BA,Campus de Itapetinga,BA,Itapetinga,15743,ZOOTECNIA,Bacharelado,Integral,A
7,338,5,UNIVERSIDADE FEDERAL DO PIAUÃ,UFPI,PI,CAMPUS DE PARNAÃBA,PI,ParnaÃ­ba,99921,TURISMO,Bacharelado,Noturno,L
8,663,6,UNIVERSIDADE FEDERAL DE OURO PRETO,UFOP,MG,Campus Morro do Cruzeiro,MG,Ouro Preto,587,ENGENHARIA DE MINAS,Bacharelado,Integral,L
9,665,6,UNIVERSIDADE FEDERAL DE OURO PRETO,UFOP,MG,Instituto de CiÃªncias Humanas e Sociais - ICHS,MG,Mariana,300592,HISTÃRIA,Bacharelado,Noturno,L
10,757,579,UNIVERSIDADE FEDERAL DA PARAÃBA,UFPB,PB,Campus II - Centro de CiÃªncias AgrÃ¡rias - CCA - Areia,PB,Areia,13403,ZOOTECNIA,Bacharelado,Integral,L
11,775,579,UNIVERSIDADE FEDERAL DA PARAÃBA,UFPB,PB,"Campus III - Centro de CiÃªncias Humanas, Sociais e AgrÃ¡rias - CCHSA - Bananeiras",PB,Bananeiras,13455,ADMINISTRAÃÃO,Bacharelado,Noturno,A
12,776,2564,UNIVERSIDADE FEDERAL DE CAMPINA GRANDE,UFCG,PB,Campus de Cajazeiras,PB,Cajazeiras,79572,ENFERMAGEM,Bacharelado,Integral,A
13,778,2564,UNIVERSIDADE FEDERAL DE CAMPINA GRANDE,UFCG,PB,Campus de Patos,PB,Patos,13437,MEDICINA VETERINÃRIA,Bacharelado,Integral,L
14,825,550,UNIVERSIDADE ESTADUAL DA PARAÃBA,UEPB,PB,Centro de Humanidades - Campus III,PB,Guarabira,114099,PEDAGOGIA,Licenciatura,Matutino,A
15,826,550,UNIVERSIDADE ESTADUAL DA PARAÃBA,UEPB,PB,UEPB - Sede - Campus I,PB,Campina Grande,30397,LETRAS - INGLÃS,Licenciatura,Matutino,A
16,971,586,UNIVERSIDADE FEDERAL DO RIO DE JANEIRO,UFRJ,RJ,PRAIA VERMELHA,RJ,Rio de Janeiro,5000682,ABI - COMUNICAÃÃO SOCIAL,Ãrea BÃ¡sica de Ingresso (ABI),Noturno,A
17,972,43,FUNDAÃÃO UNIVERSIDADE DO ESTADO DE SANTA CATARINA,UDESC,SC,Centro de CiÃªncias TecnolÃ³gicas - CCT CAMPUS II,SC,Joinville,54520,CIÃNCIA DA COMPUTAÃÃO,Bacharelado,Integral,V
18,973,43,FUNDAÃÃO UNIVERSIDADE DO ESTADO DE SANTA CATARINA,UDESC,SC,Centro de CiÃªncias AgroveterinÃ¡rias - CAV Campus III,SC,Lages,2535,MEDICINA VETERINÃRIA,Bacharelado,Integral,A
19,994,586,UNIVERSIDADE FEDERAL DO RIO DE JANEIRO,UFRJ,RJ,FACULDADE DE DIREITO,RJ,Rio de Janeiro,14363,DIREITO,Bacharelado,Noturno,A
20,997,586,UNIVERSIDADE FEDERAL DO RIO DE JANEIRO,UFRJ,RJ,LARGO SÃO FRANCISCO,RJ,Rio de Janeiro,5000775,ABI - FILOSOFIA,Ãrea BÃ¡sica de Ingresso (ABI),Integral,L
21,1072,573,UNIVERSIDADE FEDERAL DO ESPÃRITO SANTO,UFES,ES,SEDE,ES,VitÃ³ria,21605,ARQUIVOLOGIA,Bacharelado,Noturno,A
22,1093,572,UNIVERSIDADE FEDERAL FLUMINENSE,UFF,RJ,Campus do Valonguinho,RJ,NiterÃ³i,12701,ADMINISTRAÃÃO,Bacharelado,Noturno,L
23,1094,572,UNIVERSIDADE FEDERAL FLUMINENSE,UFF,RJ,Campus do GragoatÃ¡,RJ,NiterÃ³i,12686,CIÃNCIAS SOCIAIS,Licenciatura,Vespertino,A
24,1095,572,UNIVERSIDADE FEDERAL FLUMINENSE,UFF,RJ,Campus da Praia Vermelha,RJ,NiterÃ³i,312689,GEOGRAFIA,Bacharelado,Noturno,A
25,1097,572,UNIVERSIDADE FEDERAL FLUMINENSE,UFF,RJ,Escola de Enfermagem Aurora Afonso da Costa,RJ,NiterÃ³i,12708,ENFERMAGEM,Bacharelado,Integral,L
26,1098,572,UNIVERSIDADE FEDERAL FLUMINENSE,UFF,RJ,Faculdade de FarmÃ¡cia,RJ,NiterÃ³i,12695,FARMÃCIA,Bacharelado,Integral,L
27,1099,572,UNIVERSIDADE FEDERAL FLUMINENSE,UFF,RJ,Faculdade de Medicina,RJ,NiterÃ³i,12692,MEDICINA,Bacharelado,Integral,A
28,1100,572,UNIVERSIDADE FEDERAL FLUMINENSE,UFF,RJ,Faculdade de VeterinÃ¡ria,RJ,NiterÃ³i,12704,MEDICINA VETERINÃRIA,Bacharelado,Integral,L
29,1101,572,UNIVERSIDADE FEDERAL FLUMINENSE,UFF,RJ,Instituto BiomÃ©dico,RJ,NiterÃ³i,63834,BIOMEDICINA,Bacharelado,Integral,A
30,1102,572,UNIVERSIDADE FEDERAL FLUMINENSE,UFF,RJ,Instituto de Artes e ComunicaÃ§Ã£o Social,RJ,NiterÃ³i,108646,CINEMA E AUDIOVISUAL,Bacharelado,Integral,L
31,1103,572,UNIVERSIDADE FEDERAL FLUMINENSE,UFF,RJ,Faculdade de Direito I,RJ,NiterÃ³i,12699,DIREITO,Bacharelado,Integral,L
32,1106,572,UNIVERSIDADE FEDERAL FLUMINENSE,UFF,RJ,CAMPUS CENTRO: Escola de Engenharia de Volta Redonda,RJ,Volta Redonda,1304766,ENGENHARIA DE MATERIAIS,Bacharelado,Integral,A
33,1233,693,UNIVERSIDADE FEDERAL DO ESTADO DO RIO DE JANEIRO,UNIRIO,RJ,Campus Pasteur 436,RJ,Rio de Janeiro,1101760,LETRAS - LÃNGUA PORTUGUESA,Licenciatura,Noturno,L
34,1337,548,UNIVERSIDADE FEDERAL DO MARANHÃO,UFMA,MA,CAMPUS DE BACABAL,MA,Bacabal,1117769,CIÃNCIAS NATURAIS - FÃSICA,Licenciatura,Noturno,B
35,1551,40,UNIVERSIDADE DO ESTADO DA BAHIA,UNEB,BA,Campus II - Alagoinhas,BA,Alagoinhas,83960,HISTÃRIA,Licenciatura,Noturno,A
36,1555,40,UNIVERSIDADE DO ESTADO DA BAHIA,UNEB,BA,Campus IV - Jacobina,BA,Jacobina,91495,DIREITO,Bacharelado,Noturno,V
37,1558,40,UNIVERSIDADE DO ESTADO DA BAHIA,UNEB,BA,Campus VII - Senhor do Bonfim,BA,Senhor do Bonfim,83316,CIÃNCIAS BIOLÃGICAS,Licenciatura,Vespertino,A
38,1559,40,UNIVERSIDADE DO ESTADO DA BAHIA,UNEB,BA,Campus VIII - Paulo Afonso,BA,Paulo Afonso,83358,PEDAGOGIA,Licenciatura,Noturno,A
39,1560,40,UNIVERSIDADE DO ESTADO DA BAHIA,UNEB,BA,Campus IX - Barreiras,BA,Barreiras,83390,PEDAGOGIA,Licenciatura,Vespertino,V
40,1565,40,UNIVERSIDADE DO ESTADO DA BAHIA,UNEB,BA,Campus XIV - ConceiÃ§Ã£o do CoitÃ©,BA,ConceiÃ§Ã£o do CoitÃ©,91805,HISTÃRIA,Licenciatura,Vespertino,V
41,1568,40,UNIVERSIDADE DO ESTADO DA BAHIA,UNEB,BA,Departamento de CiÃªncias Humanas e Tecnologias - Campus XVII - Bom Jesus da Lapa,BA,Bom Jesus da Lapa,1400199,CIÃNCIAS CONTÃBEIS,Bacharelado,Matutino,A
42,1570,40,UNIVERSIDADE DO ESTADO DA BAHIA,UNEB,BA,Campus XIX - CamaÃ§arÃ­,BA,CamaÃ§ari,91539,DIREITO,Bacharelado,Matutino,V
43,1659,367,UNIVERSIDADE ESTADUAL DE MONTES CLAROS,UNIMONTES,MG,CAMPUS DE ALMENARA,MG,Almenara,110900,PEDAGOGIA,Licenciatura,Noturno,A
44,1660,367,UNIVERSIDADE ESTADUAL DE MONTES CLAROS,UNIMONTES,MG,CAMPUS DE JANAÃBA,MG,JanaÃºba,110888,PEDAGOGIA,Licenciatura,Noturno,A
45,1661,367,UNIVERSIDADE ESTADUAL DE MONTES CLAROS,UNIMONTES,MG,CAMPUS DE PIRAPORA,MG,Pirapora,7845,GEOGRAFIA,Licenciatura,Noturno,A
46,1662,367,UNIVERSIDADE ESTADUAL DE MONTES CLAROS,UNIMONTES,MG,CAMPUS DE JANUÃRIA,MG,JanuÃ¡ria,110882,PEDAGOGIA,Licenciatura,Noturno,V
47,1663,593,CENTRO FEDERAL DE EDUCAÃÃO TECNOLÃGICA CELSO SUCKOW DA FONSECA,CEFET/RJ,RJ,CEFET-RJ - MARIA DA GRAÃA,RJ,Rio de Janeiro,1441998,SISTEMAS DE INFORMAÃÃO,Bacharelado,Noturno,A
48,1809,599,"INSTITUTO FEDERAL DE EDUCAÃÃO, CIÃNCIA E TECNOLOGIA DA BAHIA",IFBA,BA,CAMPUS VITÃRIA DA CONQUISTA,BA,VitÃ³ria da Conquista,1118057,SISTEMAS DE INFORMAÃÃO,Bacharelado,Noturno,L
49,1864,3160,"INSTITUTO FEDERAL DE EDUCAÃÃO, CIÃNCIA E TECNOLOGIA DE ALAGOAS",IFAL,AL,Campus Marechal Deodoro,AL,Marechal Deodoro,94175,GESTÃO AMBIENTAL,TecnolÃ³gico,Matutino,L
50,1865,3160,"INSTITUTO FEDERAL DE EDUCAÃÃO, CIÃNCIA E TECNOLOGIA DE ALAGOAS",IFAL,AL,Campus e Polo UAB - Palmeira dos Ãndios,AL,Palmeira dos Ãndios,1188138,ENGENHARIA CIVIL,Bacharelado,Integral,A
51,1930,3163,"INSTITUTO FEDERAL DE EDUCAÃÃO, CIÃNCIA E TECNOLOGIA DO RIO DE JANEIRO",IFRJ,RJ,Campus Rio de Janeiro,RJ,Rio de Janeiro,121018,GESTÃO AMBIENTAL,TecnolÃ³gico,Noturno,A
52,2244,6,UNIVERSIDADE FEDERAL DE OURO PRETO,UFOP,MG,Campus - JoÃ£o Monlevade - ICEA,MG,JoÃ£o Monlevade,121679,ENGENHARIA DE COMPUTAÃÃO,Bacharelado,Noturno,A
53,2372,1807,"INSTITUTO FEDERAL DE EDUCAÃÃO, CIÃNCIA E TECNOLOGIA DO CEARÃ",IFCE,CE,Campus de Juazeiro do Norte,CE,Juazeiro do Norte,84378,CONSTRUÃÃO DE EDIFÃCIOS,TecnolÃ³gico,Matutino,L
54,2374,1807,"INSTITUTO FEDERAL DE EDUCAÃÃO, CIÃNCIA E TECNOLOGIA DO CEARÃ",IFCE,CE,Campus de Cedro,CE,Cedro,85320,MATEMÃTICA,Licenciatura,Matutino,L
55,2995,43,FUNDAÃÃO UNIVERSIDADE DO ESTADO DE SANTA CATARINA,UDESC,SC,Centro de EducaÃ§Ã£o Superior do Oeste - CEO Campus IV,SC,ChapecÃ³,74136,ENFERMAGEM,Bacharelado,Integral,A
56,3274,3162,"INSTITUTO FEDERAL DE EDUCAÃÃO, CIÃNCIA E TECNOLOGIA  DE SANTA CATARINA",IFSC,SC,Campus SÃ£o JosÃ©,SC,SÃ£o JosÃ©,1165913,ENGENHARIA DE TELECOMUNICAÃÃES,Bacharelado,Integral,A
57,3473,550,UNIVERSIDADE ESTADUAL DA PARAÃBA,UEPB,PB,Centro de CiÃªncias Humanas e AgrÃ¡rias - Campus IV,PB,CatolÃ© do Rocha,82619,LETRAS,Licenciatura,Vespertino,A
58,3477,572,UNIVERSIDADE FEDERAL FLUMINENSE,UFF,RJ,Polo UniversitÃ¡rio de Rio das Ostras,RJ,Rio das Ostras,82840,ENFERMAGEM,Bacharelado,Integral,L
59,3927,573,UNIVERSIDADE FEDERAL DO ESPÃRITO SANTO,UFES,ES,CAMPUS ALEGRE,ES,Alegre,116852,CIÃNCIAS BIOLÃGICAS,Licenciatura,Noturno,L
60,5069,40,UNIVERSIDADE DO ESTADO DA BAHIA,UNEB,BA,Campus XXII - Euclides da Cunha,BA,Euclides da Cunha,83152,LETRAS - LÃNGUA PORTUGUESA E LITERATURAS DE LÃNGUA PORTUGUESA,Licenciatura,Vespertino,A
61,5071,40,UNIVERSIDADE DO ESTADO DA BAHIA,UNEB,BA,Campus XXIII - Seabra,BA,Seabra,82795,LETRAS - LÃNGUA PORTUGUESA E LITERATURAS DE LÃNGUA PORTUGUESA,Licenciatura,Vespertino,V
62,5623,3163,"INSTITUTO FEDERAL DE EDUCAÃÃO, CIÃNCIA E TECNOLOGIA DO RIO DE JANEIRO",IFRJ,RJ,Campus Realengo,RJ,Rio de Janeiro,121007,FISIOTERAPIA,Bacharelado,Integral,L
63,5839,1166,"INSTITUTO FEDERAL DE EDUCAÃÃO, CIÃNCIA E TECNOLOGIA  DA PARAÃBA",IFPB,PB,CAMPUS CAJAZEIRAS,PB,Cajazeiras,95104,ANÃLISE E DESENVOLVIMENTO DE SISTEMAS,TecnolÃ³gico,Integral,A
64,6789,4503,UNIVERSIDADE FEDERAL DO RECÃNCAVO DA BAHIA,UFRB,BA,Unidade SEDE,BA,Cruz das Almas,86730,ENGENHARIA DE PESCA,Bacharelado,Integral,L
65,6793,579,UNIVERSIDADE FEDERAL DA PARAÃBA,UFPB,PB,Campus IV- Centro de CiÃªncias Aplicadas e EducaÃ§Ã£o - CCAE - Rio Tinto,PB,Rio Tinto,99045,MATEMÃTICA,Licenciatura,Noturno,L
66,8076,2564,UNIVERSIDADE FEDERAL DE CAMPINA GRANDE,UFCG,PB,Campus de CuitÃ©,PB,CuitÃ©,107492,ENFERMAGEM,Bacharelado,Integral,L
67,9504,830,UNIVERSIDADE FEDERAL DO AMAPÃ,UNIFAP,AP,CAMPUS UNIVERSITÃRIO DE SANTANA,AP,Santana,1321319,PEDAGOGIA,Licenciatura,Noturno,A
68,23249,588,UNIVERSIDADE TECNOLÃGICA FEDERAL DO PARANÃ,UTFPR,PR,CÃMPUS APUCARANA,PR,Apucarana,1114930,ENGENHARIA TÃXTIL,Bacharelado,Integral,A
69,24389,40,UNIVERSIDADE DO ESTADO DA BAHIA,UNEB,BA,Campus XI - Serrinha,BA,Serrinha,68567,ADMINISTRAÃÃO,Bacharelado,Noturno,A
70,24390,40,UNIVERSIDADE DO ESTADO DA BAHIA,UNEB,BA,Campus III - Juazeiro,BA,Juazeiro,19498,DIREITO,Bacharelado,Integral,A
71,25090,549,UNIVERSIDADE FEDERAL DO ACRE,UFAC,AC,Campus UniversitÃ¡rio,AC,Rio Branco,21846,ENGENHARIA FLORESTAL,Bacharelado,Integral,L
72,25198,43,FUNDAÃÃO UNIVERSIDADE DO ESTADO DE SANTA CATARINA,UDESC,SC,Centro de EducaÃ§Ã£o Superior do Alto Vale do Itajai - CEAVI Campus V,SC,Ibirama,1267253,ENGENHARIA DE SOFTWARE,Bacharelado,Noturno,A
73,25199,43,FUNDAÃÃO UNIVERSIDADE DO ESTADO DE SANTA CATARINA,UDESC,SC,Centro de EducaÃ§Ã£o do Planalto Norte - CEPLAN Campus II,SC,SÃ£o Bento do Sul,1147473,ENGENHARIA DE PRODUCAO - HABILITACAO MECANICA,Bacharelado,Integral,V
74,25248,1578,"INSTITUTO FEDERAL DE EDUCAÃÃO, CIÃNCIA E TECNOLOGIA SUL-RIO-GRANDENSE",IFSul,RS,Campus - Passo Fundo,RS,Passo Fundo,1377509,CIÃNCIA DA COMPUTAÃÃO,Bacharelado,Matutino,A
75,25564,593,CENTRO FEDERAL DE EDUCAÃÃO TECNOLÃGICA CELSO SUCKOW DA FONSECA,CEFET/RJ,RJ,Unidade Descentralizada de Nova IguaÃ§u,RJ,Nova IguaÃ§u,1272016,ENGENHARIA MECÃNICA,Bacharelado,Integral,A
76,25826,367,UNIVERSIDADE ESTADUAL DE MONTES CLAROS,UNIMONTES,MG,CAMPUS DE UNAÃ,MG,UnaÃ­,110996,LETRAS - INGLÃS,Licenciatura,Noturno,A
77,25872,4504,FUNDAÃÃO UNIVERSIDADE FEDERAL DA GRANDE DOURADOS,UFGD,MS,UFGD - Unidade II,MS,Dourados,15868,MATEMÃTICA,Licenciatura,Noturno,A
78,25922,1807,"INSTITUTO FEDERAL DE EDUCAÃÃO, CIÃNCIA E TECNOLOGIA DO CEARÃ",IFCE,CE,Campus de MaracanaÃº,CE,MaracanaÃº,1280040,ENGENHARIA DE CONTROLE E AUTOMAÃÃO,Bacharelado,Integral,L
79,25942,43,FUNDAÃÃO UNIVERSIDADE DO ESTADO DE SANTA CATARINA,UDESC,SC,Centro de EducaÃ§Ã£o Superior da RegiÃ£o Sul - CERES Campus VI,SC,Laguna,1363761,CIÃNCIAS BIOLÃGICAS - BIODIVERSIDADE,Bacharelado,Integral,A
80,26568,572,UNIVERSIDADE FEDERAL FLUMINENSE,UFF,RJ,CAMPUS VALONGUINHO: Faculdade de Adm. C. ContÃ¡beis e Turismo,RJ,NiterÃ³i,1457276,ADMINISTRAÃÃO PÃBLICA,Bacharelado,Integral,L
81,27849,550,UNIVERSIDADE ESTADUAL DA PARAÃBA,UEPB,PB,Centro de CiÃªncias AgrÃ¡rias e Ambientais - Campus II,PB,Lagoa Seca,114765,AGROECOLOGIA,Bacharelado,Integral,A
82,27850,550,UNIVERSIDADE ESTADUAL DA PARAÃBA,UEPB,PB,Centro de CiÃªncias BiolÃ³gicas e Sociais Aplicadas - Campus V,PB,JoÃ£o Pessoa,114055,BIOLOGIA,Bacharelado,Integral,A
83,27851,550,UNIVERSIDADE ESTADUAL DA PARAÃBA,UEPB,PB,Centro de CiÃªncias Humanas e Exatas - Campus VI,PB,Monteiro,113960,LETRAS - ESPANHOL,Licenciatura,Matutino,A
84,27852,550,UNIVERSIDADE ESTADUAL DA PARAÃBA,UEPB,PB,Centro de CiÃªncias Exatas e Sociais Aplicadas - Campus VII,PB,Patos,114756,ADMINISTRAÃÃO,Bacharelado,Noturno,V
85,27979,107,UNIVERSIDADE FEDERAL DE SÃO JOÃO DEL REI,UFSJ,MG,Campus Alto Paraopeba - CAP,MG,Ouro Branco,114047,ENGENHARIA DE TELECOMUNICAÃÃES,Bacharelado,Integral,A
86,31441,593,CENTRO FEDERAL DE EDUCAÃÃO TECNOLÃGICA CELSO SUCKOW DA FONSECA,CEFET/RJ,RJ,Unidade Descentralizada de Nova Friburgo,RJ,Nova Friburgo,119130,GESTÃO DE TURISMO,TecnolÃ³gico,Noturno,A
87,31442,593,CENTRO FEDERAL DE EDUCAÃÃO TECNOLÃGICA CELSO SUCKOW DA FONSECA,CEFET/RJ,RJ,Unidade Descentralizada de PetrÃ³polis,RJ,PetrÃ³polis,119138,FÃSICA,Licenciatura,Noturno,L
88,32401,666,UNIVERSIDADE ESTADUAL DE FEIRA DE SANTANA,UEFS,BA,Universidade Estadual de Feira de Santana - UEFS,BA,Feira de Santana,15406,ADMINISTRAÃÃO,Bacharelado,Noturno,V
89,33161,3163,"INSTITUTO FEDERAL DE EDUCAÃÃO, CIÃNCIA E TECNOLOGIA DO RIO DE JANEIRO",IFRJ,RJ,Campus Duque de Caxias,RJ,Duque de Caxias,121016,QUÃMICA,Licenciatura,Matutino,L
90,34301,5322,FUNDAÃÃO UNIVERSIDADE FEDERAL DO PAMPA - UNIPAMPA,UNIPAMPA,RS,Campus Itaqui,RS,Itaqui,1128050,INTERDISCIPLINAR EM CIÃNCIA E TECNOLOGIA,Bacharelado,Integral,A
91,34341,5322,FUNDAÃÃO UNIVERSIDADE FEDERAL DO PAMPA - UNIPAMPA,UNIPAMPA,RS,Campus SÃ£o Borja,RS,SÃ£o Borja,103437,JORNALISMO,Bacharelado,Integral,A
92,34481,1807,"INSTITUTO FEDERAL DE EDUCAÃÃO, CIÃNCIA E TECNOLOGIA DO CEARÃ",IFCE,CE,Campus de QuixadÃ¡,CE,QuixadÃ¡,1364469,GEOGRAFIA,Licenciatura,Noturno,B
93,35264,586,UNIVERSIDADE FEDERAL DO RIO DE JANEIRO,UFRJ,RJ,PÃ³lo de xerÃ©m,RJ,Duque de Caxias,121706,CIÃNCIAS BIOLÃGICAS: BIOFÃSICA,Bacharelado,Integral,L
94,36317,1166,"INSTITUTO FEDERAL DE EDUCAÃÃO, CIÃNCIA E TECNOLOGIA  DA PARAÃBA",IFPB,PB,CAMPUS CABEDELO,PB,Cabedelo,1341255,CIÃNCIAS BIOLÃGICAS,Licenciatura,Integral,A
95,36319,1166,"INSTITUTO FEDERAL DE EDUCAÃÃO, CIÃNCIA E TECNOLOGIA  DA PARAÃBA",IFPB,PB,CAMPUS MONTEIRO,PB,Monteiro,123114,CONSTRUÃÃO DE EDIFÃCIOS,TecnolÃ³gico,Noturno,A
96,36320,1166,"INSTITUTO FEDERAL DE EDUCAÃÃO, CIÃNCIA E TECNOLOGIA  DA PARAÃBA",IFPB,PB,CAMPUS PATOS,PB,Patos,1457169,ENGENHARIA CIVIL,Bacharelado,Integral,L
97,36323,1166,"INSTITUTO FEDERAL DE EDUCAÃÃO, CIÃNCIA E TECNOLOGIA  DA PARAÃBA",IFPB,PB,CAMPUS PRINCESA ISABEL,PB,Princesa Isabel,1457501,CIÃNCIAS BIOLÃGICAS,Licenciatura,Noturno,A
98,102415,572,UNIVERSIDADE FEDERAL FLUMINENSE,UFF,RJ,Instituto de CiÃªncias da Sociedade e Desenvolvimento Regional,RJ,Campos dos Goytacazes,12696,SERVIÃO SOCIAL,Bacharelado,Noturno,A
99,102559,5,UNIVERSIDADE FEDERAL DO PIAUÃ,UFPI,PI,CAMPUS MINISTRO PETRÃNIO PORTELLA - Unidade SEDE,PI,Teresina,516,FARMÃCIA,Bacharelado,Integral,L
100,103257,574,UNIVERSIDADE FEDERAL RURAL DO RIO DE JANEIRO,UFRRJ,RJ,UNIDADE SEDE,RJ,SeropÃ©dica,1107692,PSICOLOGIA,Bacharelado,Integral,L
101,105993,588,UNIVERSIDADE TECNOLÃGICA FEDERAL DO PARANÃ,UTFPR,PR,CÃMPUS MEDIANEIRA,PR,Medianeira,1102903,ENGENHARIA DE ALIMENTOS,Bacharelado,Integral,L
102,106186,3161,"Instituto Federal de EducaÃ§Ã£o, CiÃªncia e Tecnologia do SertÃ£o Pernambucano",IF SertÃ£o,PE,Campus Petrolina - Zona Rural,PE,Petrolina,1205199,AGRONOMIA,Bacharelado,Vespertino,L
103,106597,3849,FUNDAÃÃO UNIVERSIDADE FEDERAL DO TOCANTINS,UFT,TO,CAMPUS UNIVERSITÃRIO DE PALMAS,TO,Palmas,1101392,ENGENHARIA ELÃTRICA,Bacharelado,Integral,A
104,121962,577,UNIVERSIDADE FEDERAL DE ALAGOAS,UFAL,AL,Campus Arapiraca - UNIDADE EDUCACIONAL PENEDO,AL,Penedo,1288838,CIÃNCIAS BIOLÃGICAS,Licenciatura,Noturno,L
105,132235,1120,"INSTITUTO FEDERAL DE EDUCAÃÃO, CIÃNCIA E TECNOLOGIA FLUMINENSE",IF Fluminense,RJ,Campus Campos-Centro,RJ,Campos dos Goytacazes,92277,ENGENHARIA DE CONTROLE E AUTOMAÃÃO,Bacharelado,Integral,L
106,133560,1578,"INSTITUTO FEDERAL DE EDUCAÃÃO, CIÃNCIA E TECNOLOGIA SUL-RIO-GRANDENSE",IFSul,RS,Campus Charqueadas,RS,Charqueadas,1313303,ENGENHARIA DE CONTROLE E AUTOMAÃÃO,Bacharelado,Noturno,L
107,137313,3188,"INSTITUTO FEDERAL DE EDUCAÃÃO, CIÃNCIA E TECNOLOGIA DO NORTE DE MINAS GERAIS",IFNMG,MG,Instituto Federal do Norte de Minas Gerais - Campus JanuÃ¡ria,MG,JanuÃ¡ria,112692,FÃSICA,Licenciatura,Noturno,L
108,138189,693,UNIVERSIDADE FEDERAL DO ESTADO DO RIO DE JANEIRO,UNIRIO,RJ,Campus 296,RJ,Rio de Janeiro,1160031,NUTRIÃÃO,Bacharelado,Noturno,L
109,138195,693,UNIVERSIDADE FEDERAL DO ESTADO DO RIO DE JANEIRO,UNIRIO,RJ,Campus Pasteur 458,RJ,Rio de Janeiro,1101776,ENGENHARIA DE PRODUÃÃO,Bacharelado,Integral,A
110,139362,1811,"INSTITUTO FEDERAL DE EDUCAÃÃO, CIÃNCIA E TECNOLOGIA DE GOIÃS",IFG,GO,IFG CÃ¢mpus GoiÃ¢nia,GO,GoiÃ¢nia,1103461,MATEMÃTICA,Licenciatura,Vespertino,L
111,141769,4358,"INSTITUTO FEDERAL DE EDUCAÃÃO, CIÃNCIA E TECNOLOGIA DO SUL DE MINAS GERAIS",IF SUL DE MINAS,MG,Campus Muzambinho,MG,Muzambinho,84747,CAFEICULTURA,TecnolÃ³gico,Noturno,A
112,143600,582,UNIVERSIDADE FEDERAL DE SANTA MARIA,UFSM,RS,Campus de Palmeira das MissÃµes,RS,Palmeira das MissÃµes,103408,ADMINISTRAÃÃO,Bacharelado,Noturno,A
113,144197,107,UNIVERSIDADE FEDERAL DE SÃO JOÃO DEL REI,UFSJ,MG,Campus Sete Lagoas - CSL,MG,Sete Lagoas,122308,ENGENHARIA DE ALIMENTOS,Bacharelado,Integral,L
114,144404,107,UNIVERSIDADE FEDERAL DE SÃO JOÃO DEL REI,UFSJ,MG,Campus Centro-Oeste,MG,DivinÃ³polis,120983,MEDICINA,Bacharelado,Integral,L
115,144426,595,UNIVERSIDADE FEDERAL DE ALFENAS,UNIFAL-MG,MG,UNIVERSIDADE FEDERAL DE ALFENAS - CAMPUS POÃOS DE CALDAS,MG,PoÃ§os de Caldas,120515,INTERDISCIPLINAR EM CIÃNCIA E TECNOLOGIA,Bacharelado,Noturno,A
116,145483,3163,"INSTITUTO FEDERAL DE EDUCAÃÃO, CIÃNCIA E TECNOLOGIA DO RIO DE JANEIRO",IFRJ,RJ,Campus Volta Redonda,RJ,Volta Redonda,121013,MATEMÃTICA,Licenciatura,Noturno,A
117,145564,1578,"INSTITUTO FEDERAL DE EDUCAÃÃO, CIÃNCIA E TECNOLOGIA SUL-RIO-GRANDENSE",IFSul,RS,Campus Sapucaia do Sul,RS,Sapucaia do Sul,1103560,ENGENHARIA MECÃNICA,Bacharelado,Noturno,L
118,146180,586,UNIVERSIDADE FEDERAL DO RIO DE JANEIRO,UFRJ,RJ,Campus UFRJ - MacaÃ©,RJ,MacaÃ©,99287,CIÃNCIAS BIOLÃGICAS,Licenciatura,Integral,A
119,146206,3162,"INSTITUTO FEDERAL DE EDUCAÃÃO, CIÃNCIA E TECNOLOGIA  DE SANTA CATARINA",IFSC,SC,Campus Joinville,SC,Joinville,1343899,ENGENHARIA MECÃNICA,Bacharelado,Noturno,A
120,146277,600,"INSTITUTO FEDERAL DE EDUCAÃÃO, CIÃNCIA E TECNOLOGIA DO MARANHÃO",IFMA,MA,CAMPUS SÃO LUÃS-MARACANÃ,MA,SÃ£o LuÃ­s,1327322,AGRONOMIA,Bacharelado,Integral,A
121,146337,14408,"INSTITUTO FEDERAL DE EDUCAÃÃO, CIENCIA E TECNOLOGIA DE BRASILIA",IFB,DF,Campus Planaltina,DF,BrasÃ­lia,1103528,AGROECOLOGIA,TecnolÃ³gico,Vespertino,L
122,146366,3161,"Instituto Federal de EducaÃ§Ã£o, CiÃªncia e Tecnologia do SertÃ£o Pernambucano",IF SertÃ£o,PE,Campus Floresta,PE,Floresta,1104480,QUÃMICA,Licenciatura,Noturno,L
123,146454,1082,"INSTITUTO FEDERAL DE EDUCAÃÃO, CIÃNCIA E TECNOLOGIA DO RIO GRANDE DO NORTE",IFRN,RN,Campus Natal-Zona Norte,RN,Natal,1321907,MARKETING,TecnolÃ³gico,Noturno,L
124,147106,578,UNIVERSIDADE FEDERAL DA BAHIA,UFBA,BA,CAMPUS FEDERAÃÃO/ONDINA,BA,Salvador,13267,ENGENHARIA CIVIL,Bacharelado,Integral,L
125,149515,3162,"INSTITUTO FEDERAL DE EDUCAÃÃO, CIÃNCIA E TECNOLOGIA  DE SANTA CATARINA",IFSC,SC,Campus JaraguÃ¡ do Sul,SC,JaraguÃ¡ do Sul,1102901,FÃSICA,Licenciatura,Vespertino,L
126,150145,3162,"INSTITUTO FEDERAL DE EDUCAÃÃO, CIÃNCIA E TECNOLOGIA  DE SANTA CATARINA",IFSC,SC,Campus ChapecÃ³,SC,ChapecÃ³,1126267,ENGENHARIA DE CONTROLE E AUTOMAÃÃO,Bacharelado,Vespertino,L
127,150356,3161,"Instituto Federal de EducaÃ§Ã£o, CiÃªncia e Tecnologia do SertÃ£o Pernambucano",IF SertÃ£o,PE,Campus Ouricuri,PE,Ouricuri,1126912,QUÃMICA,Licenciatura,Noturno,L
128,150357,3161,"Instituto Federal de EducaÃ§Ã£o, CiÃªncia e Tecnologia do SertÃ£o Pernambucano",IF SertÃ£o,PE,Campus Salgueiro,PE,Salgueiro,1126913,ALIMENTOS,TecnolÃ³gico,Vespertino,L
129,150442,4786,"INSTITUTO FEDERAL DE EDUCAÃÃO, CIÃNCIA E TECNOLOGIA DO TOCANTINS",IFTO,TO,Campus Porto Nacional,TO,Porto Nacional,1127161,LOGÃSTICA,TecnolÃ³gico,Noturno,A
130,150470,1807,"INSTITUTO FEDERAL DE EDUCAÃÃO, CIÃNCIA E TECNOLOGIA DO CEARÃ",IFCE,CE,Campus de Jaguaribe,CE,Jaguaribe,1191424,REDES DE COMPUTADORES,TecnolÃ³gico,Matutino,L
131,150471,1807,"INSTITUTO FEDERAL DE EDUCAÃÃO, CIÃNCIA E TECNOLOGIA DO CEARÃ",IFCE,CE,Campus de BaturitÃ©,CE,BaturitÃ©,5000142,GASTRONOMIA,TecnolÃ³gico,Vespertino,L
132,150506,1807,"INSTITUTO FEDERAL DE EDUCAÃÃO, CIÃNCIA E TECNOLOGIA DO CEARÃ",IFCE,CE,Campus de TianguÃ¡,CE,TianguÃ¡,1127582,FÃSICA,Licenciatura,Matutino,B
133,150523,1820,"INSTITUTO FEDERAL DE EDUCAÃÃO, CIÃNCIA E TECNOLOGIA DO PIAUÃ",IFPI,PI,Campus Teresina Zona Sul,PI,Teresina,1483806,ENGENHARIA CIVIL,Bacharelado,Integral,A
134,150558,3165,"INSTITUTO FEDERAL DE EDUCAÃÃO, CIÃNCIA E TECNOLOGIA  DO TRIÃNGULO MINEIRO",IFTM,MG,Campus Paracatu,MG,Paracatu,1128230,ANÃLISE E DESENVOLVIMENTO DE SISTEMAS,TecnolÃ³gico,Noturno,L
135,150749,15507,"Instituto Federal de EducaÃ§Ã£o, CiÃªncia e Tecnologia do Acre",IFAC,AC,Campus AvanÃ§ado de Xapuri,AC,Xapuri,1264982,AGROECOLOGIA,TecnolÃ³gico,Vespertino,L
136,154615,3163,"INSTITUTO FEDERAL DE EDUCAÃÃO, CIÃNCIA E TECNOLOGIA DO RIO DE JANEIRO",IFRJ,RJ,Campus Paracambi,RJ,Paracambi,1153801,MATEMÃTICA,Licenciatura,Noturno,L
137,154852,1578,"INSTITUTO FEDERAL DE EDUCAÃÃO, CIÃNCIA E TECNOLOGIA SUL-RIO-GRANDENSE",IFSul,RS,Campus Pelotas,RS,Pelotas,1181262,COMPUTAÃÃO,Licenciatura,Matutino,L
138,155048,1120,"INSTITUTO FEDERAL DE EDUCAÃÃO, CIÃNCIA E TECNOLOGIA FLUMINENSE",IF Fluminense,RJ,Campus Campos-Guarus,RJ,Campos dos Goytacazes,1153427,ENGENHARIA AMBIENTAL,Bacharelado,Integral,L
139,600028,2564,UNIVERSIDADE FEDERAL DE CAMPINA GRANDE,UFCG,PB,Unidade Campina Grande - BodocongÃ³,PB,Campina Grande,1108087,PSICOLOGIA,Bacharelado,Integral,A
140,600031,5,UNIVERSIDADE FEDERAL DO PIAUÃ,UFPI,PI,CAMPUS AMILCAR FERREIRA SOBRAL,PI,Floriano,116640,ADMINISTRAÃÃO,Bacharelado,Noturno,L
141,600123,1807,"INSTITUTO FEDERAL DE EDUCAÃÃO, CIÃNCIA E TECNOLOGIA DO CEARÃ",IFCE,CE,Campus de TauÃ¡,CE,TauÃ¡,1442429,LETRAS - PORTUGUÃS E INGLÃS E RESPECTIVAS LITERATURAS,Licenciatura,Integral,B
142,600134,597,UNIVERSIDADE FEDERAL DO TRIÃNGULO MINEIRO,UFTM,MG,Unidade Manoel Terra,MG,Uberaba,14616,ENFERMAGEM,Bacharelado,Integral,L
143,600135,597,UNIVERSIDADE FEDERAL DO TRIÃNGULO MINEIRO,UFTM,MG,Centro Educacional da UFTM (CE),MG,Uberaba,114564,SERVIÃO SOCIAL,Bacharelado,Noturno,A
144,600261,593,CENTRO FEDERAL DE EDUCAÃÃO TECNOLÃGICA CELSO SUCKOW DA FONSECA,CEFET/RJ,RJ,CEFET/RJ - UNIDADE MARACANÃ,RJ,Rio de Janeiro,1363718,ENGENHARIA AMBIENTAL,Bacharelado,Integral,L
145,600269,3163,"INSTITUTO FEDERAL DE EDUCAÃÃO, CIÃNCIA E TECNOLOGIA DO RIO DE JANEIRO",IFRJ,RJ,Campus NilÃ³polis,RJ,NilÃ³polis,102423,GESTÃO DA PRODUÃÃO INDUSTRIAL,TecnolÃ³gico,Noturno,L
146,601103,1120,"INSTITUTO FEDERAL DE EDUCAÃÃO, CIÃNCIA E TECNOLOGIA FLUMINENSE",IF Fluminense,RJ,Campus MacaÃ©,RJ,MacaÃ©,1431773,ENGENHARIA ELÃTRICA,Bacharelado,Noturno,L
147,601177,3279,"INSTITUTO FEDERAL DE EDUCAÃÃO, CIÃNCIA E TECNOLOGIA DO SUDESTE DE MINAS GERAIS",IFSEMG,MG,Campus Rio Pomba,MG,Rio Pomba,1388536,DIREITO,Bacharelado,Noturno,A
148,657698,40,UNIVERSIDADE DO ESTADO DA BAHIA,UNEB,BA,Campus I - Salvador,BA,Salvador,1268556,FILOSOFIA,Licenciatura,Noturno,A
149,657857,367,UNIVERSIDADE ESTADUAL DE MONTES CLAROS,UNIMONTES,MG,CAMPUS DE MONTES CLAROS,MG,Montes Claros,18404,ODONTOLOGIA,Bacharelado,Integral,V
150,657977,582,UNIVERSIDADE FEDERAL DE SANTA MARIA,UFSM,RS,CAMPUS  - SANTA MARIA - CAMOBI,RS,Santa Maria,121626,ENGENHARIA DE PRODUÃÃO,Bacharelado,Integral,L
151,657978,586,UNIVERSIDADE FEDERAL DO RIO DE JANEIRO,UFRJ,RJ,Cidade UniversitÃ¡ria,RJ,Rio de Janeiro,44892,EDUCAÃÃO FÃSICA,Bacharelado,Noturno,A
152,658033,688,UNIVERSIDADE ESTADUAL DO SUDOESTE DA BAHIA,UESB,BA,CAMPUS  - VITÃRIA DA CONQUISTA - ZONA RURAL,BA,VitÃ³ria da Conquista,15738,GEOGRAFIA,Licenciatura,Noturno,A
153,658123,829,UNIVERSIDADE DO TOCANTINS,UNITINS,TO,SEDE,TO,Palmas,1156094,ENGENHARIA AGRONÃMICA,Bacharelado,Integral,A
154,659410,3189,"INSTITUTO FEDERAL DE EDUCAÃÃO, CIÃNCIA E TECNOLOGIA DE MINAS GERAIS",IFMG,MG,CAMPUS OURO PRETO,MG,Ouro Preto,57870,GESTÃO DA QUALIDADE,TecnolÃ³gico,Noturno,A
155,659986,5013,CENTRO UNIVERSITÃRIO ESTADUAL DA ZONA OESTE,UEZO,RJ,CAMPUS  - RIO DE JANEIRO - CAMPO GRANDE,RJ,Rio de Janeiro,116890,CONSTRUÃÃO NAVAL,TecnolÃ³gico,Vespertino,A
156,659988,5016,FACULDADE DE EDUCAÃÃO TECNOLÃGICA DO ESTADO DO RIO DE JANEIRO - FAETERJ,FAETERJ R DE JANEIRO,RJ,Unidade SEDE,RJ,Rio de Janeiro,96819,ANÃLISE DE SISTEMAS INFORMATIZADOS,TecnolÃ³gico,Noturno,V
157,659989,5017,FACULDADE DE EDUCAÃÃO TECNOLÃGICA DO ESTADO DO RIO DE JANEIRO - FAETERJ,FAETERJ PETRÃPOLIS,RJ,UNIDADE  - PETRÃPOLIS - QUITANDINHA,RJ,PetrÃ³polis,96867,TECNOLOGIAS DA INFORMAÃÃO E COMUNICAÃÃO,TecnolÃ³gico,Matutino,V
158,659990,5018,INSTITUTO SUPERIOR DE EDUCAÃÃO PROFESSOR ALDO MUYLAERT,ISEPAM,RJ,CAMPUS - CAMPOS DOS GOYTACAZES - TURF CLUB,RJ,Campos dos Goytacazes,1152082,PEDAGOGIA,Licenciatura,Vespertino,A
159,660006,5053,FACULDADE DE EDUCAÃÃO TECNOLÃGICA DO ESTADO DO RIO DE JANEIRO,FAETERJ PARACAMBI,RJ,CAMPUS  - PARACAMBI - BAIRRO DA FÃBRICA,RJ,Paracambi,96839,GESTÃO AMBIENTAL,TecnolÃ³gico,Noturno,V
160,687463,578,UNIVERSIDADE FEDERAL DA BAHIA,UFBA,BA,CAMPUS CANELA,BA,Salvador,13322,ADMINISTRAÃÃO,Bacharelado,Integral,L
161,687464,579,UNIVERSIDADE FEDERAL DA PARAÃBA,UFPB,PB,CAMPUS  - JOÃO PESSOA - CENTRO,PB,JoÃ£o Pessoa,1110415,DIREITO,Bacharelado,Noturno,A
162,696291,3161,"Instituto Federal de EducaÃ§Ã£o, CiÃªncia e Tecnologia do SertÃ£o Pernambucano",IF SertÃ£o,PE,Campus Petrolina - Jardim SÃ£o Paulo,PE,Petrolina,72531,ALIMENTOS,TecnolÃ³gico,Matutino,A
163,702014,1807,"INSTITUTO FEDERAL DE EDUCAÃÃO, CIÃNCIA E TECNOLOGIA DO CEARÃ",IFCE,CE,Campus de Sobral,CE,Sobral,90975,SANEAMENTO AMBIENTAL,TecnolÃ³gico,Integral,B
164,703684,2564,UNIVERSIDADE FEDERAL DE CAMPINA GRANDE,UFCG,PB,Campus de Pombal,PB,Pombal,99800,AGRONOMIA,Bacharelado,Integral,L
165,704963,578,UNIVERSIDADE FEDERAL DA BAHIA,UFBA,BA,CAMPUS FEDERAÃÃO/ONDINA,BA,Salvador,5001122,ABI - GEOGRAFIA,Ãrea BÃ¡sica de Ingresso (ABI),Integral,A
166,1000100,592,UNIVERSIDADE FEDERAL DE LAVRAS,UFLA,MG,LAVRAS - Unidade Sede,MG,Lavras,14582,MEDICINA VETERINÃRIA,Bacharelado,Integral,L
167,1001624,579,UNIVERSIDADE FEDERAL DA PARAÃBA,UFPB,PB,Unidade sede,PB,JoÃ£o Pessoa,122918,FONOAUDIOLOGIA,Bacharelado,Integral,L
168,1002363,597,UNIVERSIDADE FEDERAL DO TRIÃNGULO MINEIRO,UFTM,MG,Hospital de ClÃ­nicas da UFTM (HC),MG,Uberaba,14615,MEDICINA,Bacharelado,Integral,A
169,1002562,5,UNIVERSIDADE FEDERAL DO PIAUÃ,UFPI,PI,CAMPUS PROFESSORA CINOBELINA ELVAS,PI,Bom Jesus,99718,ENGENHARIA FLORESTAL,Bacharelado,Integral,L
170,1002563,5,UNIVERSIDADE FEDERAL DO PIAUÃ,UFPI,PI,CAMPUS SENADOR HELVÃDIO NUNES DE BARROS,PI,Picos,99870,ADMINISTRAÃÃO,Bacharelado,Noturno,A
171,1003192,1808,"INSTITUTO FEDERAL DE EDUCAÃÃO, CIÃNCIA E TECNOLOGIA DO ESPÃRITO SANTO",IFES,ES,Campus Cachoeiro de Itapemirim,ES,Cachoeiro de Itapemirim,123260,ENGENHARIA DE MINAS,Bacharelado,Integral,A
172,1003194,1808,"INSTITUTO FEDERAL DE EDUCAÃÃO, CIÃNCIA E TECNOLOGIA DO ESPÃRITO SANTO",IFES,ES,Campus Serra,ES,Serra,102499,ENGENHARIA DE CONTROLE E AUTOMAÃÃO,Bacharelado,Noturno,A
173,1005064,1082,"INSTITUTO FEDERAL DE EDUCAÃÃO, CIÃNCIA E TECNOLOGIA DO RIO GRANDE DO NORTE",IFRN,RN,Campus Natal Central,RN,Natal,100246,REDES DE COMPUTADORES,TecnolÃ³gico,Noturno,L
174,1005065,1082,"INSTITUTO FEDERAL DE EDUCAÃÃO, CIÃNCIA E TECNOLOGIA DO RIO GRANDE DO NORTE",IFRN,RN,Campus MossorÃ³,RN,MossorÃ³,123787,MATEMÃTICA,Licenciatura,Noturno,A
175,1005208,4503,UNIVERSIDADE FEDERAL DO RECÃNCAVO DA BAHIA,UFRB,BA,Centro de Artes Humanidades e Letras,BA,Cachoeira,114987,SERVIÃO SOCIAL,Bacharelado,Noturno,L
176,1005209,4503,UNIVERSIDADE FEDERAL DO RECÃNCAVO DA BAHIA,UFRB,BA,Centro de CiÃªncias da SaÃºde,BA,Santo AntÃ´nio de Jesus,100433,PSICOLOGIA,Bacharelado,Integral,L
177,1005210,4503,UNIVERSIDADE FEDERAL DO RECÃNCAVO DA BAHIA,UFRB,BA,Centro de FormaÃ§Ã£o de Professores,BA,Amargosa,1105378,LETRAS - LIBRAS/LÃNGUA ESTRANGEIRA,Licenciatura,Vespertino,V
178,1005290,2564,UNIVERSIDADE FEDERAL DE CAMPINA GRANDE,UFCG,PB,POLO NA SEDE,PB,Campina Grande,13446,CIÃNCIA DA COMPUTAÃÃO,Bacharelado,Integral,L
179,1005994,588,UNIVERSIDADE TECNOLÃGICA FEDERAL DO PARANÃ,UTFPR,PR,CÃMPUS  CAMPO MOURÃO,PR,Campo MourÃ£o,1128054,QUÃMICA,Licenciatura,Noturno,A
180,1005997,588,UNIVERSIDADE TECNOLÃGICA FEDERAL DO PARANÃ,UTFPR,PR,CÃMPUS PATO BRANCO,PR,Pato Branco,1102531,ENGENHARIA MECÃNICA,Bacharelado,Integral,L
181,1005999,588,UNIVERSIDADE TECNOLÃGICA FEDERAL DO PARANÃ,UTFPR,PR,CÃMPUS  PONTA GROSSA,PR,Ponta Grossa,1400718,CIÃNCIAS BIOLÃGICAS,Licenciatura,Integral,A
182,1006313,548,UNIVERSIDADE FEDERAL DO MARANHÃO,UFMA,MA,CAMPUS VII - CODÃ,MA,CodÃ³,1117770,CIÃNCIAS NATURAIS - BIOLOGIA,Licenciatura,Noturno,B
183,1006314,548,UNIVERSIDADE FEDERAL DO MARANHÃO,UFMA,MA,Cidade UniversitÃ¡ria,MA,SÃ£o LuÃ­s,11446,MEDICINA,Bacharelado,Integral,B
184,1006315,548,UNIVERSIDADE FEDERAL DO MARANHÃO,UFMA,MA,CAMPUS DE IMPERATRIZ,MA,Imperatriz,1117760,CIÃNCIAS HUMANAS - SOCIOLOGIA,Licenciatura,Noturno,B
185,1006317,548,UNIVERSIDADE FEDERAL DO MARANHÃO,UFMA,MA,CAMPUS DE CHAPADINHA,MA,Chapadinha,1270686,ENGENHARIA AGRÃCOLA,Bacharelado,Integral,L
186,1006448,599,"INSTITUTO FEDERAL DE EDUCAÃÃO, CIÃNCIA E TECNOLOGIA DA BAHIA",IFBA,BA,CAMPUS DE SALVADOR,BA,Salvador,116594,ENGENHARIA QUÃMICA,Bacharelado,Noturno,L
187,1006450,599,"INSTITUTO FEDERAL DE EDUCAÃÃO, CIÃNCIA E TECNOLOGIA DA BAHIA",IFBA,BA,CAMPUS DE SIMÃES FILHO,BA,SimÃµes Filho,1125802,ELETROMECÃNICA,Licenciatura,Noturno,L
188,1006482,573,UNIVERSIDADE FEDERAL DO ESPÃRITO SANTO,UFES,ES,CENTRO DE CIÃNCIAS DA SAÃDE - CAMPUS THOMAZ TOMAZZI,ES,VitÃ³ria,116572,FISIOTERAPIA,Bacharelado,Integral,A
189,1006598,3849,FUNDAÃÃO UNIVERSIDADE FEDERAL DO TOCANTINS,UFT,TO,CAMPUS UNIVERSITÃRIO DE GURUPI,TO,Gurupi,17149,AGRONOMIA,Bacharelado,Integral,A
190,1006602,3849,FUNDAÃÃO UNIVERSIDADE FEDERAL DO TOCANTINS,UFT,TO,CAMPUS UNIVERSITÃRIO DE MIRACEMA,TO,Miracema do Tocantins,110744,SERVIÃO SOCIAL,Bacharelado,Noturno,A
191,1006603,3849,FUNDAÃÃO UNIVERSIDADE FEDERAL DO TOCANTINS,UFT,TO,CAMPUS UNIVERSITÃRIO DE PORTO NACIONAL,TO,Porto Nacional,17148,CIÃNCIAS BIOLÃGICAS,Licenciatura,Integral,A
192,1030745,588,UNIVERSIDADE TECNOLÃGICA FEDERAL DO PARANÃ,UTFPR,PR,CÃMPUS FRANCISCO BELTRÃO,PR,Francisco BeltrÃ£o,1150932,INFORMÃTICA,Licenciatura,Noturno,A
193,1030747,588,UNIVERSIDADE TECNOLÃGICA FEDERAL DO PARANÃ,UTFPR,PR,CÃMPUS DOIS VIZINHOS,PR,Dois Vizinhos,1151549,CIÃNCIAS BIOLÃGICAS,Licenciatura,Noturno,A
194,1030843,588,UNIVERSIDADE TECNOLÃGICA FEDERAL DO PARANÃ,UTFPR,PR,CÃMPUS TOLEDO,PR,Toledo,1271987,SISTEMAS PARA INTERNET,TecnolÃ³gico,Noturno,L
195,1030844,588,UNIVERSIDADE TECNOLÃGICA FEDERAL DO PARANÃ,UTFPR,PR,CÃMPUS LONDRINA,PR,Londrina,1152564,QUÃMICA,Licenciatura,Noturno,A
196,1031647,577,UNIVERSIDADE FEDERAL DE ALAGOAS,UFAL,AL,CAMPUS ARAPIRACA - Sede,AL,Arapiraca,101932,ARQUITETURA E URBANISMO,Bacharelado,Vespertino,L
197,1031941,4786,"INSTITUTO FEDERAL DE EDUCAÃÃO, CIÃNCIA E TECNOLOGIA DO TOCANTINS",IFTO,TO,Campus Palmas,TO,Palmas,90767,SISTEMAS PARA INTERNET,TecnolÃ³gico,Noturno,L
198,1032256,634,UNIVERSIDADE FEDERAL DE PELOTAS,UFPEL,RS,Unidade SEDE,RS,Pelotas,14979,NUTRIÃÃO,Bacharelado,Integral,L
199,1032259,634,UNIVERSIDADE FEDERAL DE PELOTAS,UFPEL,RS,Campus da SaÃºde,RS,Pelotas,14975,MEDICINA,Bacharelado,Integral,A
200,1036162,1166,"INSTITUTO FEDERAL DE EDUCAÃÃO, CIÃNCIA E TECNOLOGIA  DA PARAÃBA",IFPB,PB,CAMPUS JOÃO PESSOA,PB,JoÃ£o Pessoa,95101,NEGÃCIOS IMOBILIÃRIOS,TecnolÃ³gico,Noturno,L
201,1036214,594,CENTRO FEDERAL DE EDUCAÃÃO TECNOLÃGICA DE MINAS GERAIS,CEFET/MG,MG,Unidade SEDE,MG,Belo Horizonte,112610,ENGENHARIA DE MATERIAIS,Bacharelado,Integral,L
202,1036719,1807,"INSTITUTO FEDERAL DE EDUCAÃÃO, CIÃNCIA E TECNOLOGIA DO CEARÃ",IFCE,CE,Campus de Fortaleza,CE,Fortaleza,63385,GESTÃO DESPORTIVA E DE LAZER,TecnolÃ³gico,Noturno,L
203,1037396,107,UNIVERSIDADE FEDERAL DE SÃO JOÃO DEL REI,UFSJ,MG,Campus Tancredo Neves,MG,SÃ£o JoÃ£o del Rei,122326,ZOOTECNIA,Bacharelado,Integral,A
204,1038113,600,"INSTITUTO FEDERAL DE EDUCAÃÃO, CIÃNCIA E TECNOLOGIA DO MARANHÃO",IFMA,MA,Campus SÃ£o LuÃ­s-Monte Castelo,MA,SÃ£o LuÃ­s,18367,ENGENHARIA INDUSTRIAL ELÃTRICA,Bacharelado,Integral,A
205,1038191,693,UNIVERSIDADE FEDERAL DO ESTADO DO RIO DE JANEIRO,UNIRIO,RJ,Campus VoluntÃ¡rios da PÃ¡tria,RJ,Rio de Janeiro,115474,CIÃNCIA POLÃTICA,Bacharelado,Integral,L
206,1038192,693,UNIVERSIDADE FEDERAL DO ESTADO DO RIO DE JANEIRO,UNIRIO,RJ,Campus Mariz e Barros,RJ,Rio de Janeiro,15783,MEDICINA,Bacharelado,Integral,L
207,1038193,693,UNIVERSIDADE FEDERAL DO ESTADO DO RIO DE JANEIRO,UNIRIO,RJ,Campus Frei Caneca,RJ,Rio de Janeiro,15789,BIOMEDICINA,Bacharelado,Integral,L
208,1038995,3160,"INSTITUTO FEDERAL DE EDUCAÃÃO, CIÃNCIA E TECNOLOGIA DE ALAGOAS",IFAL,AL,Campus e Polo UAB - MaceiÃ³,AL,MaceiÃ³,57638,DESIGN DE INTERIORES,TecnolÃ³gico,Matutino,L
209,1039410,3184,"INSTITUTO FEDERAL DE EDUCAÃÃO, CIÃNCIA E TECNOLOGIA DE RORAIMA",IFRR,RR,Unidade SEDE,RR,Boa Vista,85402,EDUCAÃÃO FÃSICA,Licenciatura,Vespertino,A
210,1039546,576,UNIVERSIDADE FEDERAL DE JUIZ DE FORA,UFJF,MG,Universidade Federal de Juiz de Fora - CAMPUS SEDE,MG,Juiz de Fora,1268972,MEDICINA VETERINÃRIA,Bacharelado,Integral,L
211,1040099,596,UNIVERSIDADE FEDERAL DOS VALES DO JEQUITINHONHA E MUCURI,UFVJM,MG,Campus I,MG,Diamantina,14613,ODONTOLOGIA,Bacharelado,Integral,A
212,1040101,596,UNIVERSIDADE FEDERAL DOS VALES DO JEQUITINHONHA E MUCURI,UFVJM,MG,Campus JK,MG,Diamantina,100906,QUÃMICA,Licenciatura,Noturno,A
213,1041181,1357,INSTITUTO SUPERIOR DE EDUCAÃÃO DO RIO DE JANEIRO,ISERJ,RJ,Instituto Superior de EducaÃ§Ã£o do Rio de Janeiro,RJ,Rio de Janeiro,1150659,PEDAGOGIA,Licenciatura,Noturno,V
214,1044232,595,UNIVERSIDADE FEDERAL DE ALFENAS,UNIFAL-MG,MG,Universidade Federal de Alfenas - UNIFAL-MG (Sede),MG,Alfenas,14607,ODONTOLOGIA,Bacharelado,Integral,A
215,1044493,6,UNIVERSIDADE FEDERAL DE OURO PRETO,UFOP,MG,Instituto de CiÃªncias Sociais e Aplicadas - ICSA,MG,Mariana,112594,ADMINISTRAÃÃO,Bacharelado,Noturno,A
216,1045565,1578,"INSTITUTO FEDERAL DE EDUCAÃÃO, CIÃNCIA E TECNOLOGIA SUL-RIO-GRANDENSE",IFSul,RS,Campus CamaquÃ£,RS,CamaquÃ£,1341342,ANÃLISE E DESENVOLVIMENTO DE SISTEMAS,TecnolÃ³gico,Noturno,A
217,1045566,1578,"INSTITUTO FEDERAL DE EDUCAÃÃO, CIÃNCIA E TECNOLOGIA SUL-RIO-GRANDENSE",IFSul,RS,Campus BagÃ©,RS,BagÃ©,1313301,ANÃLISE E DESENVOLVIMENTO DE SISTEMAS,TecnolÃ³gico,Noturno,L
218,1045632,12,UNIVERSIDADE FEDERAL DO RIO GRANDE,FURG,RS,CAMPUS CARREIROS - SEDE,RS,Rio Grande,1028,ADMINISTRAÃÃO,Bacharelado,Noturno,L
219,1046098,5322,FUNDAÃÃO UNIVERSIDADE FEDERAL DO PAMPA - UNIPAMPA,UNIPAMPA,RS,Campus CaÃ§apava do Sul,RS,CaÃ§apava do Sul,103574,GEOFISICA,Bacharelado,Integral,A
220,1046117,1808,"INSTITUTO FEDERAL DE EDUCAÃÃO, CIÃNCIA E TECNOLOGIA DO ESPÃRITO SANTO",IFES,ES,Campus Itapina,ES,Colatina,1117583,AGRONOMIA,Bacharelado,Integral,L
221,1046160,5322,FUNDAÃÃO UNIVERSIDADE FEDERAL DO PAMPA - UNIPAMPA,UNIPAMPA,RS,Campus JaguarÃ£o,RS,JaguarÃ£o,5000920,PRODUÃÃO E POLÃTICA CULTURAL,Bacharelado,Integral,A
222,1046315,3162,"INSTITUTO FEDERAL DE EDUCAÃÃO, CIÃNCIA E TECNOLOGIA  DE SANTA CATARINA",IFSC,SC,Campus FlorianÃ³polis,SC,FlorianÃ³polis,1188363,ENGENHARIA ELÃTRICA,Bacharelado,Integral,A
223,1046341,14509,"INSTITUTO FEDERAL DE EDUCAÃÃO, CIÃNCIA E TECNOLOGIA BAIANO",IFBAIANO,BA,IF Baiano - Campus Santa InÃªs,BA,Santa InÃªs,1113373,GEOGRAFIA,Licenciatura,Noturno,A
224,1046352,3279,"INSTITUTO FEDERAL DE EDUCAÃÃO, CIÃNCIA E TECNOLOGIA DO SUDESTE DE MINAS GERAIS",IFSEMG,MG,Campus Juiz de Fora,MG,Juiz de Fora,123613,ENGENHARIA MECATRÃNICA,Bacharelado,Integral,A
225,1046401,596,UNIVERSIDADE FEDERAL DOS VALES DO JEQUITINHONHA E MUCURI,UFVJM,MG,Campus do Mucuri,MG,TeÃ³filo Otoni,100866,SERVIÃO SOCIAL,Bacharelado,Noturno,A
226,1046446,599,"INSTITUTO FEDERAL DE EDUCAÃÃO, CIÃNCIA E TECNOLOGIA DA BAHIA",IFBA,BA,CAMPUS SANTO AMARO,BA,Santo Amaro,123400,COMPUTAÃÃO,Licenciatura,Noturno,L
227,1046469,1166,"INSTITUTO FEDERAL DE EDUCAÃÃO, CIÃNCIA E TECNOLOGIA  DA PARAÃBA",IFPB,PB,CAMPUS CAMPINA GRANDE,PB,Campina Grande,103486,TELEMÃTICA,TecnolÃ³gico,Integral,A
228,1046505,40,UNIVERSIDADE DO ESTADO DA BAHIA,UNEB,BA,CAMPUS I,BA,Salvador,1166897,CIÃNCIAS SOCIAIS,Bacharelado,Matutino,V
229,1046540,3189,"INSTITUTO FEDERAL DE EDUCAÃÃO, CIÃNCIA E TECNOLOGIA DE MINAS GERAIS",IFMG,MG,CAMPUS GOVERNADOR VALADARES,MG,Governador Valadares,5000576,ENGENHARIA DE PRODUÃÃO,Bacharelado,Vespertino,A
230,1046548,3189,"INSTITUTO FEDERAL DE EDUCAÃÃO, CIÃNCIA E TECNOLOGIA DE MINAS GERAIS",IFMG,MG,CAMPUS CONGONHAS,MG,Congonhas,1294715,ENGENHARIA MECÃNICA,Bacharelado,Vespertino,A
231,1046789,1807,"INSTITUTO FEDERAL DE EDUCAÃÃO, CIÃNCIA E TECNOLOGIA DO CEARÃ",IFCE,CE,Campus de Limoeiro do Norte,CE,Limoeiro do Norte,5000147,NUTRIÃÃO,Bacharelado,Vespertino,B
232,1046808,572,UNIVERSIDADE FEDERAL FLUMINENSE,UFF,RJ,Polo Universitario de Nova Friburgo,RJ,Nova Friburgo,9709,ODONTOLOGIA,Bacharelado,Integral,L
233,1046994,634,UNIVERSIDADE FEDERAL DE PELOTAS,UFPEL,RS,Centro de Artes,RS,Pelotas,113627,DESIGN DIGITAL,Bacharelado,Matutino,L
234,1047087,578,UNIVERSIDADE FEDERAL DA BAHIA,UFBA,BA,CAMPUS CANELA,BA,Salvador,117078,DIREITO,Bacharelado,Noturno,L
235,1047095,578,UNIVERSIDADE FEDERAL DA BAHIA,UFBA,BA,CAMPUS FEDERAÃÃO/ONDINA,BA,Salvador,5001118,ABI - CIÃNCIAS SOCIAIS,Ãrea BÃ¡sica de Ingresso (ABI),Integral,A
236,1047098,578,UNIVERSIDADE FEDERAL DA BAHIA,UFBA,BA,UNIDADES DISPERSAS - SALVADOR (FACULDADE DE MEDICINA),BA,Salvador,13286,MEDICINA,Bacharelado,Integral,L
237,1047099,578,UNIVERSIDADE FEDERAL DA BAHIA,UFBA,BA,CAMPUS FEDERAÃÃO/ONDINA,BA,Salvador,117070,ZOOTECNIA,Bacharelado,Integral,L
238,1047101,578,UNIVERSIDADE FEDERAL DA BAHIA,UFBA,BA,CAMPUS CANELA,BA,Salvador,13289,ODONTOLOGIA,Bacharelado,Integral,L
239,1047103,578,UNIVERSIDADE FEDERAL DA BAHIA,UFBA,BA,CAMPUS CANELA,BA,Salvador,13284,ENFERMAGEM,Bacharelado,Integral,L
240,1047105,578,UNIVERSIDADE FEDERAL DA BAHIA,UFBA,BA,CAMPUS CANELA,BA,Salvador,117064,GASTRONOMIA,Bacharelado,Noturno,A
241,1047128,578,UNIVERSIDADE FEDERAL DA BAHIA,UFBA,BA,Polo UAB - CAMACARI,BA,CamaÃ§ari,5001451,"INTERDISCIPLINAR EM CIÃNCIA, TECNOLOGIA E INOVAÃÃO",Bacharelado,Integral,L
242,1047322,634,UNIVERSIDADE FEDERAL DE PELOTAS,UFPEL,RS,Campus CiÃªncias Sociais,RS,Pelotas,113783,PEDAGOGIA,Licenciatura,Noturno,L
243,1048376,5322,FUNDAÃÃO UNIVERSIDADE FEDERAL DO PAMPA - UNIPAMPA,UNIPAMPA,RS,CAMPUS BAGÃ,RS,BagÃ©,104278,FÃSICA,Licenciatura,Integral,L
244,1048379,573,UNIVERSIDADE FEDERAL DO ESPÃRITO SANTO,UFES,ES,Centro UniversitÃ¡rio Norte do EspÃ­rito Santo - CEUNES,ES,SÃ£o Mateus,116878,FÃSICA,Licenciatura,Noturno,L
245,1048494,579,UNIVERSIDADE FEDERAL DA PARAÃBA,UFPB,PB,Campus IV - Centro de CiÃªncias Aplicadas e EducaÃ§Ã£o - CCAE - Mamanguape,PB,Mamanguape,1440696,ADMINISTRAÃÃO,Bacharelado,Integral,A
246,1048526,634,UNIVERSIDADE FEDERAL DE PELOTAS,UFPEL,RS,CAMPUS UNIVERSITÃRIO,RS,CapÃ£o do LeÃ£o,113645,ZOOTECNIA,Bacharelado,Integral,L
247,1048708,6,UNIVERSIDADE FEDERAL DE OURO PRETO,UFOP,MG,"Instituto de Filosofia, Artes e Cultura - IFAC",MG,Ouro Preto,595,FILOSOFIA,Licenciatura,Matutino,A
248,1048740,634,UNIVERSIDADE FEDERAL DE PELOTAS,UFPEL,RS,Unidades Dispersas - ESEF,RS,Pelotas,102306,EDUCAÃÃO FÃSICA,Licenciatura,Noturno,A
249,1048744,634,UNIVERSIDADE FEDERAL DE PELOTAS,UFPEL,RS,Campus das CiÃªncias Sociais,RS,Pelotas,14978,ARQUITETURA E URBANISMO,Bacharelado,Integral,A
250,1048753,634,UNIVERSIDADE FEDERAL DE PELOTAS,UFPEL,RS,Unidades Dispersas - ODONTO,RS,Pelotas,14973,ODONTOLOGIA,Bacharelado,Integral,A
251,1049515,3162,"INSTITUTO FEDERAL DE EDUCAÃÃO, CIÃNCIA E TECNOLOGIA  DE SANTA CATARINA",IFSC,SC,Campus JaraguÃ¡ do Sul - RAU,SC,JaraguÃ¡ do Sul,1116815,FABRICAÃÃO MECÃNICA,TecnolÃ³gico,Noturno,L
252,1049580,1807,"INSTITUTO FEDERAL DE EDUCAÃÃO, CIÃNCIA E TECNOLOGIA DO CEARÃ",IFCE,CE,Campus de CrateÃºs,CE,CrateÃºs,1180209,LETRAS,Licenciatura,Matutino,L
253,1049581,1807,"INSTITUTO FEDERAL DE EDUCAÃÃO, CIÃNCIA E TECNOLOGIA DO CEARÃ",IFCE,CE,Campus de CanindÃ©,CE,CanindÃ©,1160979,MATEMÃTICA,Licenciatura,Vespertino,B
254,1049582,1807,"INSTITUTO FEDERAL DE EDUCAÃÃO, CIÃNCIA E TECNOLOGIA DO CEARÃ",IFCE,CE,Campus de AcaraÃº,CE,AcaraÃº,1128029,CIÃNCIAS BIOLÃGICAS,Licenciatura,Noturno,L
255,1049585,1807,"INSTITUTO FEDERAL DE EDUCAÃÃO, CIÃNCIA E TECNOLOGIA DO CEARÃ",IFCE,CE,Campus de Iguatu,CE,Iguatu,1419627,GEOGRAFIA,Licenciatura,Vespertino,A
256,1049594,574,UNIVERSIDADE FEDERAL RURAL DO RIO DE JANEIRO,UFRRJ,RJ,Instituto Multidisciplinar - Campus de Nova IguaÃ§u ,RJ,Nova IguaÃ§u,22446,ADMINISTRAÃÃO,Bacharelado,Noturno,L
257,1049595,1807,"INSTITUTO FEDERAL DE EDUCAÃÃO, CIÃNCIA E TECNOLOGIA DO CEARÃ",IFCE,CE,Campus de Crato,CE,Crato,5000135,SISTEMAS DE INFORMAÃÃO,Bacharelado,Noturno,B
258,1049617,548,UNIVERSIDADE FEDERAL DO MARANHÃO,UFMA,MA,CAMPUS DE GRAJAÃ,MA,GrajaÃº,1117812,CIÃNCIAS HUMANAS - GEOGRAFIA,Licenciatura,Noturno,B
259,1049618,548,UNIVERSIDADE FEDERAL DO MARANHÃO,UFMA,MA,CAMPUS DE SÃO BERNARDO,MA,SÃ£o Bernardo,1117823,LINGUAGENS E CÃDIGOS - LÃNGUA PORTUGUESA,Licenciatura,Vespertino,B
260,1050042,577,UNIVERSIDADE FEDERAL DE ALAGOAS,UFAL,AL,Campus Arapiraca - UNIDADE EDUCACIONAL PALMEIRA DOS ÃNDIOS,AL,Palmeira dos Ãndios,102162,PSICOLOGIA,Bacharelado,Matutino,A
261,1050043,577,UNIVERSIDADE FEDERAL DE ALAGOAS,UFAL,AL,Campus Arapiraca - UNIDADE EDUCACIONAL VIÃOSA,AL,ViÃ§osa,102146,MEDICINA VETERINÃRIA,Bacharelado,Integral,A
262,1050045,577,UNIVERSIDADE FEDERAL DE ALAGOAS,UFAL,AL,CAMPUS DO SERTÃO - Sede,AL,Delmiro Gouveia,1151148,HISTÃRIA,Licenciatura,Noturno,A
263,1050135,599,"INSTITUTO FEDERAL DE EDUCAÃÃO, CIÃNCIA E TECNOLOGIA DA BAHIA",IFBA,BA,CAMPUS PORTO SEGURO,BA,Porto Seguro,1123044,QUÃMICA,Licenciatura,Noturno,L
264,1050266,15497,UNIVERSIDADE DA INTEGRAÃÃO INTERNACIONAL DA LUSOFONIA AFRO-BRASILEIRA,UNILAB,CE,CAMPUS DA LIBERDADE,CE,RedenÃ§Ã£o,1163805,ENFERMAGEM,Bacharelado,Integral,B
265,1050267,15497,UNIVERSIDADE DA INTEGRAÃÃO INTERNACIONAL DA LUSOFONIA AFRO-BRASILEIRA,UNILAB,CE,CAMPUS DAS AURORAS,CE,RedenÃ§Ã£o,1465542,FARMÃCIA,Bacharelado,Integral,B
266,1050368,15507,"Instituto Federal de EducaÃ§Ã£o, CiÃªncia e Tecnologia do Acre",IFAC,AC,CÃ¢mpus Rio Branco,AC,Rio Branco,1208506,PROCESSOS ESCOLARES,TecnolÃ³gico,Noturno,A
267,1050459,593,CENTRO FEDERAL DE EDUCAÃÃO TECNOLÃGICA CELSO SUCKOW DA FONSECA,CEFET/RJ,RJ,Unidade Descentralizada de ItaguaÃ­,RJ,ItaguaÃ­,1126906,ENGENHARIA MECÃNICA,Bacharelado,Noturno,L
268,1050465,3165,"INSTITUTO FEDERAL DE EDUCAÃÃO, CIÃNCIA E TECNOLOGIA  DO TRIÃNGULO MINEIRO",IFTM,MG,Campus PatrocÃ­nio,MG,PatrocÃ­nio,1366327,ENGENHARIA ELÃTRICA,Bacharelado,Integral,L
269,1050485,3165,"INSTITUTO FEDERAL DE EDUCAÃÃO, CIÃNCIA E TECNOLOGIA  DO TRIÃNGULO MINEIRO",IFTM,MG,Campus UberlÃ¢ndia Centro,MG,UberlÃ¢ndia,1286473,MARKETING,TecnolÃ³gico,Matutino,L
270,1050521,572,UNIVERSIDADE FEDERAL FLUMINENSE,UFF,RJ,CAMPUS ATERRADO: ICHS - Instituto de CiÃªncias Humanas e Sociais,RJ,Volta Redonda,1107861,CIÃNCIAS CONTÃBEIS,Bacharelado,Noturno,A
271,1050522,572,UNIVERSIDADE FEDERAL FLUMINENSE,UFF,RJ,CAMPUS ATERRADO: ICEX - Instituto de CiÃªncias Exatas,RJ,Volta Redonda,1125664,FÃSICA,Bacharelado,Integral,L
272,1050577,43,FUNDAÃÃO UNIVERSIDADE DO ESTADO DE SANTA CATARINA,UDESC,SC,Centro de CiÃªncias da SaÃºde e do Esporte - CEFID Campus I,SC,FlorianÃ³polis,123124,EDUCAÃÃO FÃSICA,Licenciatura,Noturno,A
273,1051338,40,UNIVERSIDADE DO ESTADO DA BAHIA,UNEB,BA,Campus XIII - Itaberaba,BA,Itaberaba,83132,LETRAS - LÃNGUA PORTUGUESA E LITERATURAS DE LÃNGUA PORTUGUESA,Licenciatura,Vespertino,V
274,1051339,40,UNIVERSIDADE DO ESTADO DA BAHIA,UNEB,BA,Campus XX - Brumado,BA,Brumado,83226,LETRAS - LÃNGUA PORTUGUESA E LITERATURAS DE LÃNGUA PORTUGUESA,Licenciatura,Noturno,A
275,1051511,1876,FACULDADE MUNICIPAL PROFESSOR FRANCO MONTORO DE MOGI GUAÃU,FMPFM,SP,Mogi GuaÃ§u-Cachoeira de Cima,SP,Mogi GuaÃ§u,50922,ADMINISTRAÃÃO,Bacharelado,Noturno,L
276,1051800,550,UNIVERSIDADE ESTADUAL DA PARAÃBA,UEPB,PB,Campus VIII,PB,Araruna,1314244,FÃSICA,Licenciatura,Integral,A
277,1053416,43,FUNDAÃÃO UNIVERSIDADE DO ESTADO DE SANTA CATARINA,UDESC,SC,Centro de EducaÃ§Ã£o Superior do Oeste - CEO Campus IV,SC,Pinhalzinho,1327406,ENGENHARIA QUÃMICA,Bacharelado,Integral,V
278,1053417,43,FUNDAÃÃO UNIVERSIDADE DO ESTADO DE SANTA CATARINA,UDESC,SC,Centro de EducaÃ§Ã£o Superior da Foz do Itajai - CESFI Campus VI,SC,BalneÃ¡rio CamboriÃº,1287475,ADMINISTRAÃÃO PÃBLICA,Bacharelado,Noturno,V
279,1054148,3188,"INSTITUTO FEDERAL DE EDUCAÃÃO, CIÃNCIA E TECNOLOGIA DO NORTE DE MINAS GERAIS",IFNMG,MG,Instituto Federal do Norte de Minas Gerais - Campus Arinos,MG,Arinos,1158260,GESTÃO AMBIENTAL,TecnolÃ³gico,Noturno,L
280,1055850,599,"INSTITUTO FEDERAL DE EDUCAÃÃO, CIÃNCIA E TECNOLOGIA DA BAHIA",IFBA,BA,CAMPUS CAMAÃARI,BA,CamaÃ§ari,5001423,COMPUTAÃÃO,Ãrea BÃ¡sica de Ingresso (ABI),Integral,L
281,1055851,599,"INSTITUTO FEDERAL DE EDUCAÃÃO, CIÃNCIA E TECNOLOGIA DA BAHIA",IFBA,BA,CAMPUS PAULO AFONSO,BA,Paulo Afonso,1161407,ENGENHARIA ELÃTRICA,Bacharelado,Noturno,L
282,1056067,12,UNIVERSIDADE FEDERAL DO RIO GRANDE,FURG,RS,CAMPUS DA SAÃDE,RS,Rio Grande,1043,ENFERMAGEM,Bacharelado,Integral,L
283,1056079,1166,"INSTITUTO FEDERAL DE EDUCAÃÃO, CIÃNCIA E TECNOLOGIA  DA PARAÃBA",IFPB,PB,CAMPUS PICUÃ,PB,PicuÃ­,123118,AGROECOLOGIA,TecnolÃ³gico,Integral,L
284,1056365,1166,"INSTITUTO FEDERAL DE EDUCAÃÃO, CIÃNCIA E TECNOLOGIA  DA PARAÃBA",IFPB,PB,CAMPUS GUARABIRA,PB,Guarabira,1167926,GESTÃO COMERCIAL,TecnolÃ³gico,Noturno,L
285,1056633,572,UNIVERSIDADE FEDERAL FLUMINENSE,UFF,RJ,Instituto de EducaÃ§Ã£o de Angra dos Reis,RJ,Angra dos Reis,12717,PEDAGOGIA,Licenciatura,Vespertino,A
286,1057272,14408,"INSTITUTO FEDERAL DE EDUCAÃÃO, CIENCIA E TECNOLOGIA DE BRASILIA",IFB,DF,Campus Gama,DF,BrasÃ­lia,1445259,ADMINISTRAÃÃO,Bacharelado,Noturno,A
287,1057285,576,UNIVERSIDADE FEDERAL DE JUIZ DE FORA,UFJF,MG,CAMPUS GOVERNADOR VALADARES - PitÃ¡goras,MG,Governador Valadares,1178683,CIÃNCIAS ECONÃMICAS,Bacharelado,Integral,A
288,1058254,14408,"INSTITUTO FEDERAL DE EDUCAÃÃO, CIENCIA E TECNOLOGIA DE BRASILIA",IFB,DF,Campus BrasÃ­lia,DF,BrasÃ­lia,1379307,SISTEMAS PARA INTERNET,TecnolÃ³gico,Vespertino,A
289,1058465,550,UNIVERSIDADE ESTADUAL DA PARAÃBA,UEPB,PB,Campus VII,PB,Patos,1182641,FÃSICA,Licenciatura,Matutino,A
290,1059070,588,UNIVERSIDADE TECNOLÃGICA FEDERAL DO PARANÃ,UTFPR,PR,CÃMPUS CURITIBA - Sede ECOVILLE,PR,Curitiba,1419565,ENGENHARIA AMBIENTAL E SANITÃRIA,Bacharelado,Integral,A
291,1059515,693,UNIVERSIDADE FEDERAL DO ESTADO DO RIO DE JANEIRO,UNIRIO,RJ,Xavier Sigaud,RJ,Rio de Janeiro,15782,ENFERMAGEM,Bacharelado,Integral,L
292,1059667,595,UNIVERSIDADE FEDERAL DE ALFENAS,UNIFAL-MG,MG,UNIVERSIDADE FEDERAL DE ALFENAS - CAMPUS VARGINHA,MG,Varginha,1441206,CIÃNCIAS CONTÃBEIS,Bacharelado,Noturno,L
293,1059878,597,UNIVERSIDADE FEDERAL DO TRIÃNGULO MINEIRO,UFTM,MG,Unidade I da Univerdecidade,MG,Uberaba,114562,CIÃNCIAS BIOLÃGICAS,Licenciatura,Noturno,L
294,1060062,15497,UNIVERSIDADE DA INTEGRAÃÃO INTERNACIONAL DA LUSOFONIA AFRO-BRASILEIRA,UNILAB,CE,CAMPUS DOS MALÃS,BA,SÃ£o Francisco do Conde,1270745,HUMANIDADES - BI/LI,Bacharelado,Noturno,A
295,1060906,548,UNIVERSIDADE FEDERAL DO MARANHÃO,UFMA,MA,Campus de Pinheiro,MA,Pinheiro,1117765,CIÃNCIAS HUMANAS - HISTÃRIA,Licenciatura,Noturno,L
296,1061080,594,CENTRO FEDERAL DE EDUCAÃÃO TECNOLÃGICA DE MINAS GERAIS,CEFET/MG,MG,Unidade Curvelo,MG,Curvelo,1270727,ENGENHARIA CIVIL,Bacharelado,Noturno,A
297,1061205,593,CENTRO FEDERAL DE EDUCAÃÃO TECNOLÃGICA CELSO SUCKOW DA FONSECA,CEFET/RJ,RJ,UnED Nova Friburgo,RJ,Nova Friburgo,1272012,SISTEMAS DE INFORMAÃÃO,Bacharelado,Noturno,A
298,1062752,593,CENTRO FEDERAL DE EDUCAÃÃO TECNOLÃGICA CELSO SUCKOW DA FONSECA,CEFET/RJ,RJ,Unidade Descentralizada de Angra dos Reis,RJ,Angra dos Reis,1305326,ENGENHARIA ELÃTRICA,Bacharelado,Integral,L
299,1062815,548,UNIVERSIDADE FEDERAL DO MARANHÃO,UFMA,MA,"CENTRO DE CIÃNCIAS SOCIAIS, SAÃDE E TECNOLOGIA",MA,Imperatriz,103311,ENGENHARIA DE ALIMENTOS,Bacharelado,Integral,L
300,1062821,548,UNIVERSIDADE FEDERAL DO MARANHÃO,UFMA,MA,Campus de Balsas,MA,Balsas,1258855,INTERDISCIPLINAR EM CIÃNCIA E TECNOLOGIA,Bacharelado,Noturno,L
301,1063028,4503,UNIVERSIDADE FEDERAL DO RECÃNCAVO DA BAHIA,UFRB,BA,Centro de CiÃªncias e Tecnologia em Energia e Sustentabilidade,BA,Feira de Santana,1272132,INTERDISCIPLINAR EM ENERGIA E SUSTENTABILIDADE,Bacharelado,Integral,A
302,1063557,593,CENTRO FEDERAL DE EDUCAÃÃO TECNOLÃGICA CELSO SUCKOW DA FONSECA,CEFET/RJ,RJ,Unidade Descentralizada de ValenÃ§a,RJ,ValenÃ§a,1304118,ADMINISTRAÃÃO,Bacharelado,Noturno,A
303,1063723,15121,UNIVERSIDADE FEDERAL DA FRONTEIRA SUL,UFFS,SC,Campus ChapecÃ³,SC,ChapecÃ³,5000376,ADMINISTRAÃÃO,Bacharelado,Noturno,L
304,1066169,18759,UNIVERSIDADE FEDERAL DO CARIRI,UFCA,CE,Campus Juazeiro do Norte,CE,Juazeiro do Norte,150098,ENGENHARIA DE MATERIAIS,Bacharelado,Integral,A
305,1066197,577,UNIVERSIDADE FEDERAL DE ALAGOAS,UFAL,AL,Campus do SertÃ£o - UNIDADE EDUCACIONAL DE SANTANA DO IPANEMA (nova),AL,Santana do Ipanema,1151169,CIÃNCIAS CONTÃBEIS,Bacharelado,Noturno,A
306,1066228,43,FUNDAÃÃO UNIVERSIDADE DO ESTADO DE SANTA CATARINA,UDESC,SC,Centro de EducaÃ§Ã£o Superior do Oeste - CEO Campus IV,SC,ChapecÃ³,74134,ZOOTECNIA,Bacharelado,Integral,V
307,1066279,579,UNIVERSIDADE FEDERAL DA PARAÃBA,UFPB,PB,Campus I - Unidade AcadÃªmica Reitor Lynaldo Cavalcanti de Albuquerque,PB,JoÃ£o Pessoa,1162837,MATEMÃTICA COMPUTACIONAL,Bacharelado,Integral,L
308,1066343,588,UNIVERSIDADE TECNOLÃGICA FEDERAL DO PARANÃ,UTFPR,PR,CÃMPUS SANTA HELENA,PR,Santa Helena,1270469,CIÃNCIAS BIOLÃGICAS,Licenciatura,Noturno,A
309,1066408,572,UNIVERSIDADE FEDERAL FLUMINENSE,UFF,RJ,ICM- INSTITUTO DE CIÃNCIAS DA SOCIEDADE,RJ,MacaÃ©,52258,DIREITO,Bacharelado,Integral,A
310,1066440,18812,UNIVERSIDADE FEDERAL DO SUL DA BAHIA,UFESBA,BA,Jorge Amado,BA,Itabuna,1438417,ENGENHARIA FLORESTAL,Bacharelado,Integral,L
311,1066448,18812,UNIVERSIDADE FEDERAL DO SUL DA BAHIA,UFESBA,BA,SosÃ­genes Costa,BA,Porto Seguro,1438414,OCEANOLOGIA,Bacharelado,Integral,L
312,1067742,18759,UNIVERSIDADE FEDERAL DO CARIRI,UFCA,CE,Campus Barbalha,CE,Barbalha,54494,MEDICINA,Bacharelado,Integral,L
313,1068097,1120,"INSTITUTO FEDERAL DE EDUCAÃÃO, CIÃNCIA E TECNOLOGIA FLUMINENSE",IF Fluminense,RJ,Campus Itaperuna,RJ,Itaperuna,1466654,QUÃMICA,Licenciatura,Noturno,L
314,1069577,43,FUNDAÃÃO UNIVERSIDADE DO ESTADO DE SANTA CATARINA,UDESC,SC,Centro de CiÃªncias da EducaÃ§Ã£o - FAED Campus I,SC,FlorianÃ³polis,2529,PEDAGOGIA,Licenciatura,Matutino,A
315,1069578,43,FUNDAÃÃO UNIVERSIDADE DO ESTADO DE SANTA CATARINA,UDESC,SC,Centro de CiÃªncias da AdministraÃ§Ã£o e SÃ³cio-EconÃ´micas - ESAG Campus I,SC,FlorianÃ³polis,2532,ADMINISTRAÃÃO,Bacharelado,Noturno,V
316,1069600,1082,"INSTITUTO FEDERAL DE EDUCAÃÃO, CIÃNCIA E TECNOLOGIA DO RIO GRANDE DO NORTE",IFRN,RN,Campus SÃ£o GonÃ§alo do Amarante,RN,SÃ£o GonÃ§alo do Amarante,1292964,LOGÃSTICA,TecnolÃ³gico,Noturno,L
317,1069904,19588,Faculdade de EducaÃ§Ã£o TecnolÃ³gica do Estado do Rio de Janeiro,FAETERJ CAXIAS,RJ,Campus Principal,RJ,Duque de Caxias,5001246,PROCESSOS GERENCIAIS,TecnolÃ³gico,Matutino,A
318,1069939,3163,"INSTITUTO FEDERAL DE EDUCAÃÃO, CIÃNCIA E TECNOLOGIA DO RIO DE JANEIRO",IFRJ,RJ,Campus Engenheiro Paulo de Frontin,RJ,Engenheiro Paulo de Frontin,1300251,JOGOS DIGITAIS,TecnolÃ³gico,Matutino,A
319,1070053,594,CENTRO FEDERAL DE EDUCAÃÃO TECNOLÃGICA DE MINAS GERAIS,CEFET/MG,MG,Unidade Nepomuceno,MG,Nepomuceno,1304843,ENGENHARIA ELÃTRICA,Bacharelado,Noturno,A
320,1070054,594,CENTRO FEDERAL DE EDUCAÃÃO TECNOLÃGICA DE MINAS GERAIS,CEFET/MG,MG,Unidade Varginha,MG,Varginha,1304846,ENGENHARIA CIVIL,Bacharelado,Noturno,L
321,1070773,1166,"INSTITUTO FEDERAL DE EDUCAÃÃO, CIÃNCIA E TECNOLOGIA  DA PARAÃBA",IFPB,PB,CAMPUS SOUSA - Unidade SÃ£o GonÃ§alo,PB,Sousa,1032499,AGROECOLOGIA,TecnolÃ³gico,Integral,L
322,1071257,3162,"INSTITUTO FEDERAL DE EDUCAÃÃO, CIÃNCIA E TECNOLOGIA  DE SANTA CATARINA",IFSC,SC,Campus PalhoÃ§a-Bilingue,SC,PalhoÃ§a,1322995,PRODUÃÃO MULTIMÃDIA,TecnolÃ³gico,Noturno,A
323,1071733,588,UNIVERSIDADE TECNOLÃGICA FEDERAL DO PARANÃ,UTFPR,PR,Campus Guarapuava,PR,Guarapuava,1204989,ENGENHARIA CIVIL,Bacharelado,Integral,A
324,1071766,3165,"INSTITUTO FEDERAL DE EDUCAÃÃO, CIÃNCIA E TECNOLOGIA  DO TRIÃNGULO MINEIRO",IFTM,MG,Campus AvanÃ§ado Uberaba Parque TecnolÃ³gico - Unidade I,MG,Uberaba,1260723,ENGENHARIA DE COMPUTAÃÃO,Bacharelado,Integral,L
325,1071808,1807,"INSTITUTO FEDERAL DE EDUCAÃÃO, CIÃNCIA E TECNOLOGIA DO CEARÃ",IFCE,CE,Campus de Ubajara,CE,Ubajara,1364464,QUÃMICA,Licenciatura,Noturno,L
326,1071929,1807,"INSTITUTO FEDERAL DE EDUCAÃÃO, CIÃNCIA E TECNOLOGIA DO CEARÃ",IFCE,CE,Campus de Camocim,CE,Camocim,1335611,LETRAS - PORTUGUÃS E INGLÃS,Licenciatura,Integral,B
327,1071951,599,"INSTITUTO FEDERAL DE EDUCAÃÃO, CIÃNCIA E TECNOLOGIA DA BAHIA",IFBA,BA,Campus Feira de Santana,BA,Feira de Santana,1379275,SISTEMAS DE INFORMAÃÃO,Bacharelado,Vespertino,L
328,1071955,599,"INSTITUTO FEDERAL DE EDUCAÃÃO, CIÃNCIA E TECNOLOGIA DA BAHIA",IFBA,BA,Campus IrecÃª,BA,IrecÃª,1377510,MANUTENÃÃO INDUSTRIAL,TecnolÃ³gico,Vespertino,L
329,1071956,599,"INSTITUTO FEDERAL DE EDUCAÃÃO, CIÃNCIA E TECNOLOGIA DA BAHIA",IFBA,BA,Campus de JequiÃ©,BA,JequiÃ©,1455303,ENGENHARIA MECÃNICA,Bacharelado,Integral,A
330,1071982,1808,"INSTITUTO FEDERAL DE EDUCAÃÃO, CIÃNCIA E TECNOLOGIA DO ESPÃRITO SANTO",IFES,ES,Campus Montanha,ES,Montanha,1443426,GESTÃO AMBIENTAL,TecnolÃ³gico,Noturno,A
331,1071994,3162,"INSTITUTO FEDERAL DE EDUCAÃÃO, CIÃNCIA E TECNOLOGIA  DE SANTA CATARINA",IFSC,SC,Campus Gaspar,SC,Gaspar,1330186,ANÃLISE E DESENVOLVIMENTO DE SISTEMAS,TecnolÃ³gico,Noturno,A
332,1071995,3162,"INSTITUTO FEDERAL DE EDUCAÃÃO, CIÃNCIA E TECNOLOGIA  DE SANTA CATARINA",IFSC,SC,Campus ItajaÃ­,SC,ItajaÃ­,1330202,ENGENHARIA ELÃTRICA,Bacharelado,Vespertino,A
333,1073168,3849,FUNDAÃÃO UNIVERSIDADE FEDERAL DO TOCANTINS,UFT,TO,CAMPUS UNIVERSITÃRIO DE ARAGUAÃNA - EMVZ,TO,AraguaÃ­na,1327450,MEDICINA,Bacharelado,Integral,A
334,1073192,14509,"INSTITUTO FEDERAL DE EDUCAÃÃO, CIÃNCIA E TECNOLOGIA BAIANO",IFBAIANO,BA,IF Baiano - Campus Bom Jesus da Lapa,BA,Bom Jesus da Lapa,1327473,ENGENHARIA AGRONÃMICA,Bacharelado,Integral,A
335,1073458,14408,"INSTITUTO FEDERAL DE EDUCAÃÃO, CIENCIA E TECNOLOGIA DE BRASILIA",IFB,DF,Campus Estrutural,DF,BrasÃ­lia,1330384,MATEMÃTICA,Licenciatura,Vespertino,L
336,1075610,1820,"INSTITUTO FEDERAL DE EDUCAÃÃO, CIÃNCIA E TECNOLOGIA DO PIAUÃ",IFPI,PI,Campus Paulistana do Instituto Federal do PiauÃ­,PI,Paulistana,1483787,ADMINISTRAÃÃO,Bacharelado,Noturno,A
337,1075613,4786,"INSTITUTO FEDERAL DE EDUCAÃÃO, CIÃNCIA E TECNOLOGIA DO TOCANTINS",IFTO,TO,CAMPUS COLINAS DO TOCANTINS,TO,Colinas do Tocantins,1341251,COMPUTAÃÃO,Licenciatura,Noturno,L
338,1075943,3849,FUNDAÃÃO UNIVERSIDADE FEDERAL DO TOCANTINS,UFT,TO,CAMPUS UNIVERSITÃRIO DE ARAGUAÃNA - CIMBA,TO,AraguaÃ­na,17139,GEOGRAFIA,Licenciatura,Matutino,A
339,1076420,830,UNIVERSIDADE FEDERAL DO AMAPÃ,UNIFAP,AP,CAMPUS BINACIONAL - (EndereÃ§o novo),AP,Oiapoque,1270473,GEOGRAFIA,Licenciatura,Noturno,L
340,1076513,582,UNIVERSIDADE FEDERAL DE SANTA MARIA,UFSM,RS,Campus Sede,RS,Santa Maria,41063,DIREITO,Bacharelado,Noturno,L
341,1076711,596,UNIVERSIDADE FEDERAL DOS VALES DO JEQUITINHONHA E MUCURI,UFVJM,MG,Unidade de Funcionamento Campus UnaÃ­,MG,UnaÃ­,1270512,ZOOTECNIA,Bacharelado,Integral,L
342,1077200,3189,"INSTITUTO FEDERAL DE EDUCAÃÃO, CIÃNCIA E TECNOLOGIA DE MINAS GERAIS",IFMG,MG,CAMPUS RIBEIRÃO DAS NEVES,MG,RibeirÃ£o das Neves,1357714,ADMINISTRAÃÃO,Bacharelado,Noturno,L
343,1077267,596,UNIVERSIDADE FEDERAL DOS VALES DO JEQUITINHONHA E MUCURI,UFVJM,MG,Unidade de Funcionamento Campus JanaÃºba,MG,JanaÃºba,1270500,INTERDISCIPLINAR EM CIÃNCIA E TECNOLOGIA,Bacharelado,Integral,L
344,1077701,588,UNIVERSIDADE TECNOLÃGICA FEDERAL DO PARANÃ,UTFPR,PR,CAMPUS CURITIBA - SEDE NEOVILLE,PR,Curitiba,102665,EDUCAÃÃO FÃSICA,Bacharelado,Integral,L
345,1079919,3163,"INSTITUTO FEDERAL DE EDUCAÃÃO, CIÃNCIA E TECNOLOGIA DO RIO DE JANEIRO",IFRJ,RJ,CAMPUS PINHEIRAL,RJ,Pinheiral,1382579,COMPUTAÃÃO,Licenciatura,Noturno,A
346,1081859,3161,"Instituto Federal de EducaÃ§Ã£o, CiÃªncia e Tecnologia do SertÃ£o Pernambucano",IF SertÃ£o,PE,Campus Serra Talhada,PE,Serra Talhada,1399012,FÃSICA,Licenciatura,Noturno,L
347,1081872,634,UNIVERSIDADE FEDERAL DE PELOTAS,UFPEL,RS,Campus II,RS,Pelotas,113606,GEOGRAFIA,Bacharelado,Noturno,A
348,1081884,1807,"INSTITUTO FEDERAL DE EDUCAÃÃO, CIÃNCIA E TECNOLOGIA DO CEARÃ",IFCE,CE,Campus Boa Viagem,CE,Boa Viagem,1403609,QUÃMICA,Licenciatura,Noturno,B
349,1081885,1807,"INSTITUTO FEDERAL DE EDUCAÃÃO, CIÃNCIA E TECNOLOGIA DO CEARÃ",IFCE,CE,Campus Paracuru,CE,Paracuru,1442159,GESTÃO AMBIENTAL,TecnolÃ³gico,Vespertino,B
350,1082214,1807,"INSTITUTO FEDERAL DE EDUCAÃÃO, CIÃNCIA E TECNOLOGIA DO CEARÃ",IFCE,CE,Campus Umirim,CE,Umirim,1405659,LETRAS - PORTUGUÃS E INGLÃS,Licenciatura,Integral,L
351,1082762,18440,UNIVERSIDADE FEDERAL DO SUL E SUDESTE DO PARÃ,UNIFESSPA,PA,SANTANA DO ARAGUAIA,PA,Santana do Araguaia,1483808,ARQUITETURA E URBANISMO,Bacharelado,Integral,L
352,1082931,577,UNIVERSIDADE FEDERAL DE ALAGOAS,UFAL,AL,Campus Arapiraca - Unidade Educacional Penedo,AL,Penedo,1288839,SISTEMAS DE INFORMAÃÃO,Bacharelado,Noturno,L
353,1083456,3279,"INSTITUTO FEDERAL DE EDUCAÃÃO, CIÃNCIA E TECNOLOGIA DO SUDESTE DE MINAS GERAIS",IFSEMG,MG,Campus Santos Dumont,MG,Santos Dumont,1438829,ENGENHARIA FERROVIÃRIA E METROVIÃRIA,Bacharelado,Integral,A
354,1084104,576,UNIVERSIDADE FEDERAL DE JUIZ DE FORA,UFJF,MG,CAMPUS GOVERNADOR VALADARES - Unipac,MG,Governador Valadares,5001168,ODONTOLOGIA,Bacharelado,Integral,L
355,1084444,15121,UNIVERSIDADE FEDERAL DA FRONTEIRA SUL,UFFS,SC,Campus Passo Fundo,RS,Passo Fundo,5001101,MEDICINA,Bacharelado,Integral,L
356,1085305,3849,FUNDAÃÃO UNIVERSIDADE FEDERAL DO TOCANTINS,UFT,TO,CAMPUS UNIVERSITÃRIO DE ARRAIAS - Unidade de Buritizinho,TO,Arraias,17154,MATEMÃTICA,Licenciatura,Noturno,L
357,1091893,1808,"INSTITUTO FEDERAL DE EDUCAÃÃO, CIÃNCIA E TECNOLOGIA DO ESPÃRITO SANTO",IFES,ES,Campus SÃ£o Mateus,ES,SÃ£o Mateus,1477535,ENGENHARIA ELÃTRICA,Bacharelado,Integral,L
358,1092375,1807,"INSTITUTO FEDERAL DE EDUCAÃÃO, CIÃNCIA E TECNOLOGIA DO CEARÃ",IFCE,CE,Campus Maranguape,CE,Maranguape,1442119,MATEMÃTICA,Licenciatura,Noturno,L
359,1093332,15520,"INSTITUTO FEDERAL DE EDUCAÃÃO, CIÃNCIA E TECNOLOGIA DE MATO GROSSO DO SUL",IFMS,MS,Campus Campo Grande,MS,Campo Grande,1128346,SISTEMAS PARA INTERNET,TecnolÃ³gico,Matutino,A
360,1093337,15520,"INSTITUTO FEDERAL DE EDUCAÃÃO, CIÃNCIA E TECNOLOGIA DE MATO GROSSO DO SUL",IFMS,MS,Campus CorumbÃ¡,MS,CorumbÃ¡,1153960,ANÃLISE E DESENVOLVIMENTO DE SISTEMAS,TecnolÃ³gico,Noturno,A
361,1093980,1807,"INSTITUTO FEDERAL DE EDUCAÃÃO, CIÃNCIA E TECNOLOGIA DO CEARÃ",IFCE,CE,Campus Aracati,CE,Aracati,5000800,HOTELARIA,TecnolÃ³gico,Vespertino,L
362,1094961,1807,"INSTITUTO FEDERAL DE EDUCAÃÃO, CIÃNCIA E TECNOLOGIA DO CEARÃ",IFCE,CE,Campus Acopiara,CE,Acopiara,1447767,CIÃNCIAS BIOLÃGICAS,Licenciatura,Matutino,L
363,1095623,599,"INSTITUTO FEDERAL DE EDUCAÃÃO, CIÃNCIA E TECNOLOGIA DA BAHIA",IFBA,BA,Campus Santo AntÃ´nio de Jesus,BA,Santo AntÃ´nio de Jesus,1452928,ANÃLISE E DESENVOLVIMENTO DE SISTEMAS,TecnolÃ³gico,Noturno,A
364,1096296,1807,"INSTITUTO FEDERAL DE EDUCAÃÃO, CIÃNCIA E TECNOLOGIA DO CEARÃ",IFCE,CE,Campus Horizonte,CE,Horizonte,1454485,FÃSICA,Licenciatura,Vespertino,L
365,1096330,23725,Escola Superior de GestÃ£o,ESGe,DF,Campus Principal,DF,BrasÃ­lia,1454890,GESTÃO PÃBLICA,TecnolÃ³gico,Noturno,A
366,1097002,1578,"INSTITUTO FEDERAL DE EDUCAÃÃO, CIÃNCIA E TECNOLOGIA SUL-RIO-GRANDENSE",IFSul,RS,CÃ¢mpus Santana do Livramento,RS,Sant'Ana do Livramento,1457585,ANÃLISE E DESENVOLVIMENTO DE SISTEMAS,TecnolÃ³gico,Noturno,L
367,1097016,599,"INSTITUTO FEDERAL DE EDUCAÃÃO, CIÃNCIA E TECNOLOGIA DA BAHIA",IFBA,BA,Campus Lauro de Freitas,BA,Lauro de Freitas,1457608,JOGOS DIGITAIS,TecnolÃ³gico,Matutino,L
368,1101079,582,UNIVERSIDADE FEDERAL DE SANTA MARIA,UFSM,RS,Campus de Cachoeira do Sul,RS,Cachoeira do Sul,1292700,ENGENHARIA DE TRANSPORTES E LOGÃSTICA,Bacharelado,Noturno,L
369,1104751,14509,"INSTITUTO FEDERAL DE EDUCAÃÃO, CIÃNCIA E TECNOLOGIA BAIANO",IFBAIANO,BA,IF Baiano - Campus ValenÃ§a,BA,ValenÃ§a,1483783,CIÃNCIAS BIOLÃGICAS,Licenciatura,Noturno,A
370,1104829,15507,"Instituto Federal de EducaÃ§Ã£o, CiÃªncia e Tecnologia do Acre",IFAC,AC,Campus TarauacÃ¡,AC,TarauacÃ¡,1483870,GESTÃO DO AGRONEGÃCIO,TecnolÃ³gico,Noturno,L
371,2002076,572,UNIVERSIDADE FEDERAL FLUMINENSE,UFF,RJ,CAMPUS PETRÃPOLIS,RJ,PetrÃ³polis,1303882,ENGENHARIA DE PRODUÃÃO,Bacharelado,Integral,A
372,2004801,588,UNIVERSIDADE TECNOLÃGICA FEDERAL DO PARANÃ,UTFPR,PR,CÃMPUS CURITIBA - Sede CENTRO,PR,Curitiba,1102413,FÃSICA,Licenciatura,Vespertino,L
